-- MySQL dump 10.13  Distrib 8.0.24, for Win64 (x86_64)
--
-- Host: localhost    Database: online_store_project
-- ------------------------------------------------------
-- Server version	8.0.24

/*!40101 SET @OLD_CHARACTER_SET_CLIENT=@@CHARACTER_SET_CLIENT */;
/*!40101 SET @OLD_CHARACTER_SET_RESULTS=@@CHARACTER_SET_RESULTS */;
/*!40101 SET @OLD_COLLATION_CONNECTION=@@COLLATION_CONNECTION */;
/*!50503 SET NAMES utf8 */;
/*!40103 SET @OLD_TIME_ZONE=@@TIME_ZONE */;
/*!40103 SET TIME_ZONE='+00:00' */;
/*!40014 SET @OLD_UNIQUE_CHECKS=@@UNIQUE_CHECKS, UNIQUE_CHECKS=0 */;
/*!40014 SET @OLD_FOREIGN_KEY_CHECKS=@@FOREIGN_KEY_CHECKS, FOREIGN_KEY_CHECKS=0 */;
/*!40101 SET @OLD_SQL_MODE=@@SQL_MODE, SQL_MODE='NO_AUTO_VALUE_ON_ZERO' */;
/*!40111 SET @OLD_SQL_NOTES=@@SQL_NOTES, SQL_NOTES=0 */;

--
-- Table structure for table `brands`
--

DROP TABLE IF EXISTS `brands`;
/*!40101 SET @saved_cs_client     = @@character_set_client */;
/*!50503 SET character_set_client = utf8mb4 */;
CREATE TABLE `brands` (
  `id` int unsigned NOT NULL AUTO_INCREMENT,
  `name` varchar(255) DEFAULT NULL COMMENT 'Название бренда',
  `created_at` datetime DEFAULT CURRENT_TIMESTAMP,
  `updated_at` datetime DEFAULT CURRENT_TIMESTAMP ON UPDATE CURRENT_TIMESTAMP,
  PRIMARY KEY (`id`),
  UNIQUE KEY `name` (`name`),
  KEY `brands_name_idx` (`name`)
) ENGINE=InnoDB AUTO_INCREMENT=101 DEFAULT CHARSET=utf8mb4 COLLATE=utf8mb4_0900_ai_ci COMMENT='Таблица брендов';
/*!40101 SET character_set_client = @saved_cs_client */;

--
-- Dumping data for table `brands`
--

LOCK TABLES `brands` WRITE;
/*!40000 ALTER TABLE `brands` DISABLE KEYS */;
INSERT INTO `brands` VALUES (1,'aut','2015-01-15 05:41:59','2017-04-14 22:55:43'),(2,'est','2012-05-21 04:13:52','2019-08-04 15:20:39'),(3,'doloremque','2013-10-08 04:25:40','2019-08-11 22:54:14'),(4,'nihil','2013-06-07 18:54:09','2014-05-23 15:39:34'),(5,'consectetur','2013-08-17 01:51:54','2016-09-08 22:26:53'),(6,'aliquid','2016-08-04 18:48:54','2021-05-21 21:46:05'),(7,'in','2012-05-22 11:30:53','2013-09-15 01:12:54'),(8,'quis','2013-02-18 08:28:26','2019-09-16 02:43:14'),(9,'dolorem','2015-07-26 04:32:36','2017-12-05 17:37:32'),(10,'dignissimos','2013-07-17 21:24:38','2021-05-21 21:46:05'),(11,'provident','2011-06-16 15:41:53','2021-03-27 06:11:46'),(12,'ut','2013-12-04 22:25:40','2015-03-15 15:56:26'),(13,'quo','2018-01-23 11:32:46','2021-05-21 21:46:05'),(14,'molestiae','2016-02-10 23:53:31','2019-12-01 11:07:07'),(15,'sed','2019-07-29 02:46:59','2021-05-21 21:46:05'),(16,'tempora','2012-03-22 18:22:09','2012-04-12 19:33:46'),(17,'non','2014-08-03 18:16:16','2021-01-29 06:49:41'),(18,'qui','2018-01-18 04:44:12','2018-08-31 02:47:58'),(19,'voluptatem','2020-10-19 22:14:42','2021-05-21 21:46:05'),(20,'officia','2011-08-22 21:18:55','2016-11-28 12:58:38'),(21,'deserunt','2016-06-06 13:59:03','2021-05-21 21:46:05'),(22,'dolores','2017-08-06 17:28:37','2021-05-21 21:46:05'),(23,'sapiente','2015-07-14 02:32:52','2019-02-26 11:25:13'),(24,'et','2017-02-10 05:06:47','2021-05-21 21:46:05'),(25,'enim','2016-01-15 05:56:24','2017-03-06 16:56:38'),(26,'ab','2019-10-03 10:58:56','2021-05-21 21:46:05'),(27,'eius','2017-07-15 07:03:31','2021-05-21 21:46:05'),(28,'adipisci','2016-10-15 10:53:50','2021-05-21 21:46:05'),(29,'velit','2013-10-22 18:42:25','2018-04-28 10:00:03'),(30,'similique','2020-07-17 18:09:43','2021-05-21 21:46:05'),(31,'cum','2020-05-10 00:37:41','2021-05-21 21:46:05'),(32,'magnam','2011-10-04 09:08:55','2017-10-20 10:39:42'),(33,'laboriosam','2013-12-30 01:24:45','2018-11-20 16:25:07'),(34,'aliquam','2016-12-28 00:45:01','2021-05-21 21:46:05'),(35,'sit','2017-11-28 12:22:14','2021-05-21 21:46:05'),(36,'sint','2021-02-28 23:31:38','2021-05-21 21:46:05'),(37,'officiis','2012-03-12 21:51:04','2016-01-27 23:30:35'),(38,'suscipit','2018-06-27 11:35:56','2021-05-21 21:46:05'),(39,'voluptas','2018-07-03 01:56:04','2021-05-21 21:46:05'),(40,'illo','2018-03-28 20:50:02','2021-05-21 21:46:05'),(41,'debitis','2017-12-19 11:21:55','2021-05-21 21:46:05'),(42,'repudiandae','2019-03-04 01:52:39','2021-05-21 21:46:05'),(43,'maiores','2014-07-09 05:38:52','2015-05-22 15:14:23'),(44,'quia','2017-03-27 04:45:08','2021-05-21 21:46:05'),(45,'minima','2012-05-17 06:46:26','2013-11-03 09:46:05'),(46,'vel','2012-03-16 21:43:17','2021-05-06 19:43:15'),(47,'quasi','2013-02-19 22:54:59','2013-09-01 11:23:17'),(48,'magni','2013-10-23 16:34:08','2021-04-09 19:27:49'),(49,'iure','2018-07-23 21:39:15','2021-05-21 21:46:05'),(50,'itaque','2019-06-13 21:28:35','2021-05-21 21:46:05'),(51,'laborum','2015-05-20 21:32:26','2021-05-21 21:46:05'),(52,'perferendis','2018-10-20 20:17:17','2021-05-21 21:46:05'),(53,'laudantium','2013-10-28 20:01:49','2015-04-22 10:05:32'),(54,'perspiciatis','2011-09-23 11:58:24','2014-03-29 08:48:10'),(55,'ipsum','2018-03-04 05:13:30','2021-05-21 21:46:05'),(56,'accusantium','2015-04-08 13:39:31','2021-03-29 01:01:00'),(57,'quas','2017-07-27 18:59:55','2021-05-21 21:46:05'),(58,'eveniet','2011-07-19 06:24:15','2012-05-05 07:54:01'),(59,'vero','2018-07-30 23:59:47','2021-05-21 21:46:05'),(60,'fugiat','2014-06-08 16:27:37','2019-02-20 15:36:05'),(61,'corporis','2013-06-21 07:08:06','2021-05-21 21:46:05'),(62,'incidunt','2013-09-30 09:13:36','2020-08-26 22:35:52'),(63,'ea','2012-11-16 15:47:39','2017-10-02 06:49:01'),(64,'dicta','2013-03-22 08:01:20','2018-01-30 17:12:21'),(65,'fuga','2013-04-16 17:10:47','2020-03-02 13:22:29'),(66,'voluptatibus','2012-07-21 23:23:46','2014-04-25 01:42:11'),(67,'consequatur','2017-07-30 21:03:52','2021-05-21 21:46:05'),(68,'earum','2017-11-22 19:47:39','2018-08-03 09:46:27'),(69,'temporibus','2016-01-27 10:45:33','2020-08-03 03:58:11'),(70,'reiciendis','2020-05-05 08:30:23','2021-05-21 21:46:05'),(71,'cupiditate','2019-04-30 23:02:10','2021-05-21 21:46:05'),(72,'pariatur','2018-12-23 22:57:26','2021-05-21 21:46:05'),(73,'ullam','2016-04-15 15:52:38','2021-05-21 21:46:05'),(74,'tempore','2012-05-11 11:54:43','2013-02-25 07:52:50'),(75,'repellendus','2014-07-12 20:59:50','2018-09-28 20:01:15'),(76,'aspernatur','2012-06-13 04:45:23','2016-01-21 22:25:18'),(77,'dolorum','2014-08-22 20:27:09','2019-06-02 12:50:55'),(78,'omnis','2016-04-04 21:17:32','2019-09-26 12:47:40'),(79,'numquam','2015-07-11 08:00:36','2021-05-21 21:46:05'),(80,'nobis','2017-07-12 07:32:18','2021-05-21 21:46:05'),(81,'libero','2016-01-07 14:50:15','2020-02-03 05:50:49'),(82,'rem','2019-01-25 19:36:51','2021-05-21 21:46:05'),(83,'unde','2016-07-26 17:04:57','2021-05-21 21:46:05'),(84,'asperiores','2017-06-28 19:59:38','2021-05-21 21:46:05'),(85,'commodi','2018-01-12 07:46:15','2020-07-10 19:26:31'),(86,'cumque','2011-07-26 13:41:12','2016-01-01 06:22:08'),(87,'quisquam','2021-03-29 02:20:01','2021-05-21 21:46:05'),(88,'neque','2017-06-24 22:27:14','2018-01-10 06:08:56'),(89,'facere','2016-09-14 04:05:19','2021-05-21 21:46:05'),(90,'ipsam','2019-08-21 07:39:40','2021-05-21 21:46:05'),(91,'praesentium','2020-07-15 04:00:10','2020-08-14 17:16:53'),(92,'totam','2020-03-01 22:54:16','2021-05-21 21:46:05'),(93,'odio','2013-08-04 11:40:13','2017-09-29 16:43:41'),(94,'quos','2017-03-27 16:56:44','2019-05-09 18:56:08'),(95,'assumenda','2017-05-27 13:25:17','2021-05-21 21:46:05'),(96,'autem','2011-07-12 16:33:14','2020-03-13 18:58:28'),(97,'quae','2015-11-05 01:55:19','2018-03-24 12:56:52'),(98,'accusamus','2011-09-22 19:28:05','2019-09-26 23:12:49'),(99,'quaerat','2012-07-11 13:03:26','2014-09-06 11:22:50'),(100,'minus','2016-02-07 03:34:02','2018-08-08 07:21:42');
/*!40000 ALTER TABLE `brands` ENABLE KEYS */;
UNLOCK TABLES;

--
-- Table structure for table `catalogs`
--

DROP TABLE IF EXISTS `catalogs`;
/*!40101 SET @saved_cs_client     = @@character_set_client */;
/*!50503 SET character_set_client = utf8mb4 */;
CREATE TABLE `catalogs` (
  `id` int unsigned NOT NULL AUTO_INCREMENT,
  `name` varchar(255) NOT NULL COMMENT 'Название раздела',
  `created_at` datetime DEFAULT CURRENT_TIMESTAMP,
  `updated_at` datetime DEFAULT CURRENT_TIMESTAMP ON UPDATE CURRENT_TIMESTAMP,
  PRIMARY KEY (`id`),
  UNIQUE KEY `name` (`name`),
  KEY `catalogs_name_idx` (`name`) COMMENT 'Поиск по каталогам используют часто, поэтому создал индекс'
) ENGINE=InnoDB AUTO_INCREMENT=41 DEFAULT CHARSET=utf8mb4 COLLATE=utf8mb4_0900_ai_ci COMMENT='Таблица каталогов';
/*!40101 SET character_set_client = @saved_cs_client */;

--
-- Dumping data for table `catalogs`
--

LOCK TABLES `catalogs` WRITE;
/*!40000 ALTER TABLE `catalogs` DISABLE KEYS */;
INSERT INTO `catalogs` VALUES (1,'quasi','2020-03-26 17:27:29','2021-05-21 21:48:20'),(2,'quia','2019-08-23 09:25:46','2021-05-21 21:48:20'),(3,'deserunt','2017-01-14 11:29:31','2021-05-21 21:48:20'),(4,'perspiciatis','2012-10-15 05:20:05','2014-05-15 21:01:09'),(5,'consequatur','2016-10-11 19:59:04','2021-05-21 21:48:20'),(6,'corporis','2018-08-28 04:09:35','2021-05-21 21:48:20'),(7,'harum','2018-10-16 03:58:34','2019-10-20 09:10:38'),(8,'quisquam','2015-04-01 13:05:52','2021-05-21 21:48:20'),(9,'exercitationem','2011-09-08 09:24:01','2018-05-14 22:49:07'),(10,'dolorum','2013-07-25 17:26:45','2014-12-12 08:56:30'),(11,'pariatur','2012-08-27 15:00:27','2015-12-29 15:22:04'),(12,'ut','2013-12-14 07:23:27','2019-12-29 00:55:24'),(13,'enim','2020-12-30 04:29:49','2021-05-21 21:48:20'),(14,'placeat','2013-12-04 07:57:51','2016-01-14 08:06:09'),(15,'aut','2017-09-26 00:41:36','2021-05-21 21:48:20'),(16,'inventore','2013-01-01 10:05:47','2016-01-17 10:53:31'),(17,'ad','2019-02-24 00:54:24','2021-05-21 21:48:20'),(18,'ipsum','2012-10-02 22:38:47','2021-05-21 21:48:20'),(19,'ratione','2017-08-18 08:30:04','2021-05-21 21:48:20'),(20,'eaque','2019-03-30 19:31:36','2021-05-21 21:48:20'),(21,'voluptates','2018-08-28 05:50:46','2021-05-21 21:48:20'),(22,'consectetur','2018-10-06 01:02:19','2021-05-21 21:48:20'),(23,'aliquam','2016-07-20 23:26:59','2016-11-12 05:03:36'),(24,'ipsam','2013-12-30 11:38:09','2017-12-28 18:09:46'),(25,'qui','2015-10-05 17:12:48','2021-05-21 21:48:20'),(26,'officia','2013-03-31 22:01:48','2018-04-18 12:16:28'),(27,'vel','2017-11-25 19:03:36','2021-05-21 21:48:20'),(28,'nisi','2012-11-09 22:02:18','2014-01-25 05:36:00'),(29,'dolores','2011-08-16 20:49:30','2014-09-01 19:44:09'),(30,'minus','2013-03-31 07:33:12','2020-02-05 00:51:26'),(31,'autem','2020-06-23 12:20:42','2021-05-21 21:48:20'),(32,'et','2016-03-25 01:09:34','2021-05-21 21:48:20'),(33,'maiores','2012-09-21 18:31:30','2016-09-29 03:48:14'),(34,'sapiente','2013-07-09 14:09:30','2021-05-21 21:48:20'),(35,'natus','2015-05-24 11:59:34','2018-06-30 04:59:18'),(36,'eveniet','2013-02-20 07:13:51','2021-05-21 21:48:20'),(37,'nulla','2019-03-17 23:17:19','2021-05-21 21:48:20'),(38,'perferendis','2016-08-24 00:33:00','2019-07-30 06:57:40'),(39,'earum','2012-01-16 23:07:54','2018-01-20 17:43:03'),(40,'sed','2013-03-30 17:44:26','2018-03-06 10:16:15');
/*!40000 ALTER TABLE `catalogs` ENABLE KEYS */;
UNLOCK TABLES;

--
-- Table structure for table `certificates`
--

DROP TABLE IF EXISTS `certificates`;
/*!40101 SET @saved_cs_client     = @@character_set_client */;
/*!50503 SET character_set_client = utf8mb4 */;
CREATE TABLE `certificates` (
  `id` int unsigned NOT NULL AUTO_INCREMENT,
  `product_id` int unsigned NOT NULL COMMENT 'Идентификатор продукта => products.id',
  `name` varchar(255) CHARACTER SET utf8mb4 COLLATE utf8mb4_unicode_ci DEFAULT NULL COMMENT 'Название типа сертификата',
  `url` varchar(255) CHARACTER SET utf8mb4 COLLATE utf8mb4_unicode_ci NOT NULL COMMENT 'Ссылка на файл сертификата',
  `validity_from` date DEFAULT NULL COMMENT 'Дата начала действия сертификата',
  `validity_to` date DEFAULT NULL COMMENT 'Дата окончания действия сертификата',
  `created_at` datetime DEFAULT CURRENT_TIMESTAMP,
  `updated_at` datetime DEFAULT CURRENT_TIMESTAMP ON UPDATE CURRENT_TIMESTAMP,
  PRIMARY KEY (`id`),
  KEY `certificates_product_id_fk` (`product_id`),
  CONSTRAINT `certificates_product_id_fk` FOREIGN KEY (`product_id`) REFERENCES `products` (`id`)
) ENGINE=InnoDB AUTO_INCREMENT=101 DEFAULT CHARSET=utf8mb4 COLLATE=utf8mb4_unicode_ci COMMENT='Таблица сертификатов';
/*!40101 SET character_set_client = @saved_cs_client */;

--
-- Dumping data for table `certificates`
--

LOCK TABLES `certificates` WRITE;
/*!40000 ALTER TABLE `certificates` DISABLE KEYS */;
INSERT INTO `certificates` VALUES (1,74,'totam','http://www.connelly.org/','2014-04-30','2021-05-21','2015-07-15 12:57:29','2021-05-21 22:02:11'),(2,98,'eos','http://www.prosaccorath.com/','2014-04-30','2019-10-14','2017-08-23 15:45:17','2021-05-21 21:50:43'),(3,16,'voluptatem','http://www.stark.org/','1990-05-24','2021-05-21','2018-02-20 22:08:48','2021-05-21 22:02:11'),(4,95,'est','http://kuphal.org/','1991-05-25','2021-05-21','2012-07-15 12:58:06','2021-05-21 22:02:11'),(5,14,'incidunt','http://sporerboyle.net/','2019-08-11','2020-11-09','2012-11-21 04:52:43','2017-03-18 06:51:43'),(6,64,'sunt','http://roob.com/','1992-10-12','2021-05-21','2012-11-14 16:49:14','2021-05-21 22:02:12'),(7,17,'minus','http://www.goodwinstoltenberg.com/','2016-06-30','2019-10-21','2014-06-18 22:12:55','2021-05-21 21:50:43'),(8,70,'rerum','http://hicklebogan.org/','1965-01-25','2021-05-21','2016-06-23 09:09:19','2021-05-21 22:02:12'),(9,59,'itaque','http://stokes.com/','2000-02-25','2021-05-21','2014-02-02 04:22:03','2021-05-21 22:02:12'),(10,54,'voluptatem','http://dietrich.biz/','2001-03-03','2021-05-21','2013-05-07 05:43:44','2021-05-21 22:02:12'),(11,12,'in','http://www.gerlach.com/','2017-02-20','2017-02-27','2020-08-20 02:44:56','2021-02-25 01:18:43'),(12,63,'atque','http://www.simonis.org/','2012-10-04','2019-12-01','2017-05-31 03:00:43','2021-05-21 21:50:43'),(13,43,'magnam','http://haag.com/','2012-09-14','2017-07-24','2019-04-22 20:33:41','2021-05-21 21:50:43'),(14,12,'earum','http://price.com/','2015-07-25','2021-05-21','2016-03-10 01:25:18','2021-05-21 22:02:12'),(15,42,'accusamus','http://www.walker.com/','2016-09-21','2021-05-21','2013-05-30 02:36:50','2021-05-21 22:02:12'),(16,82,'ducimus','http://www.daviskoch.com/','2013-11-07','2015-10-13','2013-09-03 18:34:47','2020-04-16 12:12:04'),(17,61,'ea','http://www.mraz.biz/','2015-08-14','2020-05-10','2012-05-03 22:10:45','2021-05-21 21:50:43'),(18,58,'exercitationem','http://www.treutelheidenreich.com/','2018-03-14','2019-09-13','2013-05-07 06:13:07','2020-09-11 15:59:53'),(19,92,'ut','http://www.feest.com/','2012-01-08','2012-02-18','2020-07-27 13:44:03','2021-05-21 21:50:43'),(20,56,'tempore','http://www.baumbach.com/','2012-12-19','2018-02-16','2013-07-27 11:22:50','2021-05-21 21:50:43'),(21,67,'omnis','http://www.marks.com/','2011-05-25','2013-12-22','2014-09-20 04:49:02','2016-02-27 21:45:38'),(22,43,'exercitationem','http://www.swaniawskiledner.org/','2013-09-30','2021-05-21','2020-06-09 05:33:08','2021-05-21 22:02:12'),(23,86,'voluptas','http://cremin.com/','2015-05-16','2017-05-22','2014-09-03 04:58:31','2017-08-20 11:20:23'),(24,45,'quasi','http://braun.net/','2011-11-04','2017-12-08','2021-03-27 23:22:22','2021-05-21 21:50:43'),(25,12,'exercitationem','http://moen.biz/','2018-12-12','2021-05-21','2019-05-28 06:01:53','2021-05-21 22:02:12'),(26,10,'neque','http://schimmelwintheiser.com/','2017-11-11','2021-05-21','2019-12-09 03:50:33','2021-05-21 22:02:12'),(27,72,'consequuntur','http://www.hettingerprice.com/','2013-06-06','2014-01-13','2013-09-11 10:14:10','2018-10-09 21:16:58'),(28,32,'facilis','http://www.webergorczany.com/','2015-03-10','2015-08-24','2013-06-27 13:32:21','2019-11-13 07:31:39'),(29,77,'accusantium','http://www.berge.com/','2016-11-09','2020-08-05','2017-07-20 08:28:27','2021-05-21 21:50:43'),(30,70,'consectetur','http://bogisich.info/','2011-10-23','2016-04-27','2012-01-21 22:40:45','2021-05-21 21:50:43'),(31,3,'aut','http://hermistonbaumbach.org/','2019-02-23','2020-03-12','2019-11-17 13:24:21','2020-02-07 08:57:02'),(32,50,'minima','http://schmeler.com/','2014-02-14','2021-05-21','2017-04-11 00:19:09','2021-05-21 22:02:12'),(33,67,'eaque','http://kovacek.com/','2015-05-05','2021-05-21','2019-07-20 17:31:06','2021-05-21 22:02:12'),(34,18,'et','http://www.lebsack.net/','2016-04-05','2021-05-21','2017-12-01 05:41:56','2021-05-21 22:02:12'),(35,44,'accusamus','http://mohrpurdy.net/','2020-01-22','2020-05-22','2013-01-01 05:26:14','2017-09-29 12:57:02'),(36,81,'sit','http://welchquitzon.info/','2020-05-06','2021-05-21','2018-12-17 02:32:11','2021-05-21 22:02:12'),(37,81,'fugiat','http://www.oberbrunner.com/','2013-12-05','2017-07-25','2012-04-14 19:58:32','2014-01-21 06:08:42'),(38,61,'possimus','http://monahancruickshank.biz/','1980-05-05','2021-05-21','2015-07-26 08:44:35','2021-05-21 22:02:12'),(39,51,'cum','http://www.cummeratacremin.com/','1990-01-01','2021-05-21','2018-11-01 07:55:50','2021-05-21 22:02:12'),(40,40,'fugit','http://www.bradtke.com/','1995-05-25','2021-05-21','2015-04-02 17:01:19','2021-05-21 22:02:12'),(41,14,'omnis','http://www.beahan.com/','2018-04-05','2021-05-21','2011-12-18 07:02:49','2021-05-21 22:02:12'),(42,63,'officia','http://www.ledner.com/','2013-05-07','2017-02-22','2012-08-03 03:47:51','2018-06-01 03:05:00'),(43,2,'qui','http://larkin.com/','2013-06-22','2021-05-16','2015-03-25 13:30:59','2021-05-21 21:50:43'),(44,57,'eaque','http://www.windlerratke.com/','2019-05-07','2021-05-21','2016-02-10 19:11:49','2021-05-21 22:02:13'),(45,74,'dolorem','http://hoppe.biz/','2000-09-12','2021-05-21','2013-12-30 22:11:01','2021-05-21 22:02:13'),(46,44,'eveniet','http://www.langosh.net/','2016-06-07','2018-03-10','2014-08-05 13:57:01','2016-09-09 17:54:50'),(47,38,'cupiditate','http://prosaccomohr.com/','2013-10-23','2021-03-23','2012-06-07 10:03:08','2017-06-15 20:24:21'),(48,35,'dolorem','http://www.sporertorphy.com/','2021-05-21','2021-05-21','2015-01-03 20:22:11','2021-05-21 21:54:45'),(49,2,'aliquid','http://www.hamill.biz/','2014-06-29','2016-07-05','2017-04-15 06:15:18','2020-08-22 19:08:29'),(50,29,'voluptatum','http://hansenkris.com/','2014-12-15','2021-05-21','2017-06-27 00:59:42','2021-05-21 22:02:13'),(51,91,'inventore','http://www.waelchi.com/','2016-03-15','2018-12-05','2012-11-21 04:50:13','2021-05-21 21:50:43'),(52,68,'commodi','http://hills.com/','2017-09-09','2021-05-21','2012-10-05 10:54:29','2021-05-21 22:02:13'),(53,72,'soluta','http://nikolaushauck.biz/','2013-04-23','2014-03-24','2020-07-24 07:08:37','2021-05-21 21:50:43'),(54,76,'sed','http://kuhn.com/','2013-06-25','2021-05-21','2019-03-09 03:40:53','2021-05-21 22:02:13'),(55,13,'dolorum','http://metz.net/','2018-12-12','2021-05-21','2013-02-23 06:30:01','2021-05-21 22:02:13'),(56,84,'omnis','http://turcotteschoen.com/','1999-01-05','2021-05-21','2013-07-23 06:26:21','2021-05-21 22:02:13'),(57,86,'molestias','http://denesik.com/','1998-07-07','2021-05-21','2012-07-11 20:00:52','2021-05-21 22:02:14'),(58,84,'blanditiis','http://www.brown.com/','2016-12-26','2019-04-18','2019-05-27 19:19:14','2020-01-13 15:31:28'),(59,16,'dolorem','http://www.gleichnerfeest.info/','2011-06-30','2019-10-27','2014-07-11 17:58:05','2019-12-07 16:12:47'),(60,62,'non','http://www.durgan.org/','2012-10-22','2019-09-22','2016-05-03 10:36:03','2020-04-14 06:24:09'),(61,54,'mollitia','http://www.carroll.com/','1999-10-15','2021-05-21','2012-05-17 11:52:10','2021-05-21 22:02:14'),(62,18,'perferendis','http://www.yundtharvey.com/','2013-05-04','2018-01-26','2014-04-04 00:40:08','2021-05-21 21:50:43'),(63,12,'et','http://friesen.com/','1999-09-09','2021-05-21','2015-05-11 12:38:46','2021-05-21 22:02:14'),(64,20,'accusamus','http://hauck.org/','2020-02-20','2021-05-21','2014-06-30 04:42:25','2021-05-21 22:02:14'),(65,35,'facilis','http://hansen.org/','1978-05-06','2021-05-21','2016-03-17 03:56:15','2021-05-21 22:02:14'),(66,56,'reiciendis','http://www.bauch.com/','2020-01-06','2021-05-21','2011-06-19 04:42:51','2021-05-21 22:02:14'),(67,1,'culpa','http://schmidt.com/','2012-06-13','2016-04-23','2012-06-03 11:33:52','2016-10-16 08:37:15'),(68,16,'eum','http://www.dicki.info/','2011-11-02','2014-10-16','2014-04-20 09:59:18','2021-05-21 21:50:43'),(69,16,'blanditiis','http://grady.biz/','2018-11-02','2021-05-21','2020-03-04 06:09:04','2021-05-21 22:02:14'),(70,51,'sed','http://wildermanschumm.com/','2015-01-05','2021-05-21','2015-09-13 06:25:52','2021-05-21 22:02:14'),(71,56,'rem','http://www.ondricka.com/','2011-07-29','2016-10-14','2013-11-13 16:26:55','2021-05-21 21:50:43'),(72,30,'quasi','http://sauer.com/','2018-07-09','2021-05-21','2020-09-07 18:05:16','2021-05-21 22:02:14'),(73,13,'quod','http://connelly.com/','2012-03-13','2017-03-25','2011-09-18 10:08:05','2018-03-10 01:30:16'),(74,57,'earum','http://windlerrippin.com/','2013-02-13','2019-08-02','2020-03-27 19:18:14','2021-05-21 21:50:43'),(75,86,'rerum','http://www.kozey.info/','2011-05-25','2019-07-27','2013-03-22 22:01:27','2018-06-19 02:14:10'),(76,87,'aspernatur','http://parisianbogisich.org/','2016-09-06','2021-05-21','2020-02-19 13:57:38','2021-05-21 22:02:14'),(77,1,'qui','http://deckowtillman.biz/','2012-04-10','2015-01-08','2018-08-09 23:59:51','2021-05-21 21:50:43'),(78,23,'sed','http://okeefepfeffer.com/','2014-07-08','2015-03-23','2016-03-24 09:14:37','2016-05-15 16:20:40'),(79,22,'expedita','http://www.eichmann.biz/','1998-11-11','2021-05-21','2012-06-02 10:21:54','2021-05-21 22:02:14'),(80,2,'sit','http://www.legros.org/','2014-10-15','2015-09-11','2014-08-27 05:29:45','2016-09-22 15:24:17'),(81,52,'rerum','http://www.nolan.com/','2011-12-12','2021-02-12','2014-04-04 20:00:59','2017-10-20 13:43:50'),(82,12,'animi','http://www.lebsackyost.info/','2011-10-27','2018-05-07','2017-06-12 14:17:48','2019-09-26 19:10:03'),(83,70,'officia','http://effertzkutch.com/','2013-12-13','2021-05-21','2013-07-27 15:22:23','2021-05-21 22:02:14'),(84,24,'et','http://rice.com/','2014-07-08','2021-05-21','2020-12-31 13:58:07','2021-05-21 22:02:14'),(85,88,'eius','http://www.kinganderson.com/','2016-12-12','2021-05-21','2011-07-10 00:40:48','2021-05-21 22:02:14'),(86,82,'officiis','http://www.greenholt.com/','2014-06-19','2015-06-15','2013-10-29 07:38:33','2021-05-21 21:50:43'),(87,7,'ducimus','http://leannonwisozk.com/','2012-03-13','2014-08-05','2012-09-22 05:17:38','2013-06-21 14:53:39'),(88,73,'rem','http://www.keebler.com/','2000-02-02','2021-05-21','2019-07-28 06:31:05','2021-05-21 22:02:14'),(89,65,'non','http://www.robertsdamore.info/','2001-02-25','2021-05-21','2019-07-22 02:13:23','2021-05-21 22:02:14'),(90,22,'molestiae','http://www.rosenbaumhoeger.com/','2002-12-31','2021-05-21','2020-07-06 20:22:41','2021-05-21 22:02:14'),(91,35,'debitis','http://schamberger.com/','2003-03-03','2021-05-21','2020-05-11 07:49:28','2021-05-21 22:02:14'),(92,18,'magni','http://www.ritchie.org/','2004-05-05','2021-05-21','2013-07-04 19:37:58','2021-05-21 22:02:14'),(93,40,'consectetur','http://www.kshlerin.com/','2006-07-09','2021-05-21','2014-12-18 02:50:05','2021-05-21 22:02:15'),(94,47,'repellat','http://ferryconn.com/','2013-09-18','2017-10-26','2018-03-15 18:40:37','2021-05-21 21:50:43'),(95,38,'velit','http://www.stokes.com/','2011-06-05','2011-11-27','2011-11-07 19:44:13','2015-04-15 08:41:53'),(96,75,'harum','http://www.waelchipouros.com/','2004-02-02','2021-05-21','2018-11-24 21:35:17','2021-05-21 22:02:15'),(97,2,'sed','http://www.christiansen.com/','2005-05-05','2021-05-21','2021-03-26 06:36:26','2021-05-21 22:02:15'),(98,38,'corporis','http://www.wiza.net/','2017-08-09','2021-05-21','2017-05-07 15:59:48','2021-05-21 22:02:15'),(99,90,'voluptates','http://simoniswiza.biz/','2019-06-11','2020-10-31','2016-09-19 16:42:07','2021-05-21 21:50:43'),(100,18,'veniam','http://lang.com/','1999-09-09','2021-05-21','2018-11-16 14:35:34','2021-05-21 22:02:15');
/*!40000 ALTER TABLE `certificates` ENABLE KEYS */;
UNLOCK TABLES;

--
-- Table structure for table `company`
--

DROP TABLE IF EXISTS `company`;
/*!40101 SET @saved_cs_client     = @@character_set_client */;
/*!50503 SET character_set_client = utf8mb4 */;
CREATE TABLE `company` (
  `id` int unsigned NOT NULL AUTO_INCREMENT,
  `profile_id` int unsigned NOT NULL COMMENT 'ID profile => profiles.id',
  `is_individual` tinyint(1) NOT NULL DEFAULT '0' COMMENT 'Признак физического лица',
  `name` varchar(255) NOT NULL COMMENT 'Имя компании',
  `price_type_id` int unsigned NOT NULL COMMENT 'Тип цен, назначенный для компании => pryce_type.id',
  `bonus` int DEFAULT NULL COMMENT 'Бонусы',
  `balance` decimal(11,2) DEFAULT NULL COMMENT 'Баланс',
  `deferral_days` int DEFAULT NULL COMMENT 'Количество дней отсрочки',
  `credit_sum` decimal(11,2) NOT NULL DEFAULT '0.00' COMMENT 'Сумма кредитного лимита',
  `receivables` decimal(11,2) NOT NULL DEFAULT '0.00' COMMENT 'Дебиторская задолженность',
  `overdue_receivables` decimal(11,2) NOT NULL DEFAULT '0.00' COMMENT 'Просроченная дебиторская задолженность',
  `overdue_duration` int NOT NULL DEFAULT '0' COMMENT 'Срок просрочки дебиторской задолженности',
  `note` text COMMENT 'Примечание для менеджера',
  `created_at` datetime DEFAULT CURRENT_TIMESTAMP,
  `updated_at` datetime DEFAULT CURRENT_TIMESTAMP ON UPDATE CURRENT_TIMESTAMP,
  PRIMARY KEY (`id`),
  KEY `company_price_type_id_fk` (`price_type_id`),
  KEY `company_profile_id_fk` (`profile_id`),
  CONSTRAINT `company_price_type_id_fk` FOREIGN KEY (`price_type_id`) REFERENCES `price_type` (`id`),
  CONSTRAINT `company_profile_id_fk` FOREIGN KEY (`profile_id`) REFERENCES `profiles` (`id`)
) ENGINE=InnoDB AUTO_INCREMENT=101 DEFAULT CHARSET=utf8mb4 COLLATE=utf8mb4_0900_ai_ci COMMENT='Таблица клиентов';
/*!40101 SET character_set_client = @saved_cs_client */;

--
-- Dumping data for table `company`
--

LOCK TABLES `company` WRITE;
/*!40000 ALTER TABLE `company` DISABLE KEYS */;
INSERT INTO `company` VALUES (1,26,1,'iste',2,9,68069.00,7,10000.00,0.00,0.00,0,'in','2021-04-07 18:53:46','2021-05-21 22:17:54'),(2,58,0,'neque',10,4,3652.32,0,0.00,0.00,0.00,0,'repellat','2017-05-18 03:15:55','2021-05-21 22:17:54'),(3,32,0,'suscipit',5,7,17271.00,0,0.00,0.00,0.00,0,'quis','2016-09-25 12:51:02','2021-05-21 22:17:54'),(4,18,1,'labore',6,1,0.00,6,150000.00,70000.00,0.00,0,'animi','2015-02-06 11:31:28','2021-05-21 22:17:54'),(5,69,1,'dolorum',10,0,0.00,2,70000.00,0.00,0.00,0,'eveniet','2018-12-19 10:14:44','2021-05-21 22:17:54'),(6,72,1,'et',6,2,27.33,0,0.00,0.00,0.00,0,'dolor','2018-11-10 20:50:22','2021-05-21 22:17:54'),(7,69,1,'soluta',4,5,397658939.73,0,0.00,0.00,0.00,0,'sit','2016-09-13 16:25:01','2021-05-21 22:17:54'),(8,82,0,'repellendus',9,3,59070654.61,0,0.00,0.00,0.00,0,'totam','2018-03-11 10:30:46','2021-05-21 22:18:22'),(9,9,0,'qui',5,3,0.00,1,80000.00,40000.00,40000.00,30,'harum','2014-12-12 21:55:55','2021-05-25 20:55:59'),(10,66,0,'et',3,2,124524.00,4,50000.00,0.00,0.00,0,'omnis','2015-06-05 10:31:30','2021-05-25 20:55:59'),(11,53,0,'cumque',2,5,954326740.90,0,0.00,0.00,0.00,0,'odio','2018-03-02 13:26:57','2021-05-21 22:17:54'),(12,71,1,'rerum',4,2,397044515.34,0,0.00,0.00,0.00,0,'eveniet','2017-08-13 15:39:42','2021-05-21 22:17:54'),(13,55,0,'sint',4,4,19765714.84,0,0.00,0.00,0.00,0,'inventore','2015-03-15 17:46:29','2021-05-21 22:17:55'),(14,33,1,'vero',8,4,103470.43,0,0.00,0.00,0.00,0,'omnis','2020-09-08 09:15:04','2021-05-21 22:17:55'),(15,95,0,'libero',1,7,253.05,0,0.00,0.00,0.00,0,'officiis','2012-10-05 03:38:55','2021-05-21 22:17:55'),(16,100,0,'magnam',3,1,0.00,2,10000.00,1000.00,0.00,0,'possimus','2012-06-18 21:42:13','2021-05-25 20:55:59'),(17,17,0,'ducimus',6,4,1281.18,5,20000.00,0.00,0.00,0,'eos','2018-05-20 07:40:03','2021-05-21 22:17:55'),(18,19,0,'dolorem',5,9,2795341.91,0,0.00,0.00,0.00,0,'est','2018-12-17 22:36:27','2021-05-21 22:17:55'),(19,99,0,'fugiat',4,9,1479.76,0,0.00,0.00,0.00,0,'vero','2019-03-22 05:42:04','2021-05-21 22:18:22'),(20,5,0,'perferendis',7,4,0.00,6,30000.00,15000.00,15000.00,5,'autem','2013-03-09 02:17:16','2021-05-25 20:55:59'),(21,30,1,'debitis',8,2,44.19,0,0.00,0.00,0.00,0,'suscipit','2017-09-24 17:11:07','2021-05-21 22:17:55'),(22,19,1,'earum',10,7,7.51,0,0.00,0.00,0.00,0,'ratione','2016-11-14 20:14:15','2021-05-21 22:17:55'),(23,14,0,'rerum',1,2,1186.00,7,40000.00,0.00,0.00,0,'commodi','2012-11-12 18:55:33','2021-05-21 22:17:55'),(24,85,0,'quaerat',3,4,5.35,0,0.00,0.00,0.00,0,'animi','2017-09-29 20:12:41','2021-05-21 22:18:22'),(25,49,1,'et',5,0,0.00,4,60000.00,25000.00,0.00,0,'et','2013-09-12 08:09:56','2021-05-21 22:17:55'),(26,51,0,'harum',1,0,133.91,0,0.00,0.00,0.00,0,'et','2011-09-03 06:22:27','2021-05-21 22:17:55'),(27,63,0,'omnis',3,6,7831655.70,0,0.00,0.00,0.00,0,'dolorem','2019-09-06 23:26:09','2021-05-21 22:17:55'),(28,33,0,'vel',2,2,0.00,0,0.00,0.00,0.00,0,'fugit','2012-03-06 18:29:28','2021-05-21 22:17:55'),(29,60,0,'sit',7,8,1918203.62,1,70000.00,0.00,0.00,0,'dolor','2017-11-18 05:38:08','2021-05-21 22:17:55'),(30,90,0,'quasi',6,6,4430146.56,7,15000.00,0.00,0.00,0,'id','2020-10-06 21:47:07','2021-05-21 22:17:55'),(31,71,0,'et',9,7,8.26,0,0.00,0.00,0.00,0,'maxime','2020-10-02 09:14:00','2021-05-21 22:17:56'),(32,76,0,'repellat',9,2,96921352.50,0,0.00,0.00,0.00,0,'aliquid','2016-07-02 00:13:43','2021-05-21 22:17:56'),(33,47,0,'sed',10,4,8063.93,0,0.00,0.00,0.00,0,'recusandae','2013-11-11 15:26:33','2021-05-21 22:17:56'),(34,37,0,'animi',5,9,405.57,8,80000.00,0.00,0.00,0,'tenetur','2013-04-04 16:11:24','2021-05-21 22:17:56'),(35,30,0,'nostrum',5,1,52.00,8,90000.00,0.00,0.00,0,'possimus','2012-03-16 19:49:21','2021-05-21 22:17:56'),(36,13,0,'nam',6,4,0.00,3,100000.00,80000.00,2000.00,15,'quia','2018-09-07 22:01:40','2021-05-25 20:55:59'),(37,18,0,'quos',4,8,0.00,0,0.00,0.00,0.00,0,'id','2013-03-05 01:38:54','2021-05-21 22:17:56'),(38,58,1,'aliquid',4,0,2576847.90,3,5000.00,0.00,0.00,0,'veritatis','2015-07-02 18:10:40','2021-05-21 22:17:56'),(39,32,0,'assumenda',5,3,2.78,0,0.00,0.00,0.00,0,'qui','2015-08-22 01:43:55','2021-05-21 22:17:56'),(40,54,0,'reiciendis',8,4,59719.98,0,0.00,0.00,0.00,0,'voluptatibus','2015-07-17 19:47:17','2021-05-21 22:17:56'),(41,91,0,'itaque',1,3,472181.90,0,0.00,0.00,0.00,0,'placeat','2018-01-30 03:05:54','2021-05-21 22:17:56'),(42,81,0,'pariatur',6,2,0.00,3,15000.00,1000.00,0.00,0,'voluptate','2020-03-08 07:04:52','2021-05-21 22:17:56'),(43,26,1,'provident',2,3,0.10,0,0.00,0.00,0.00,0,'sed','2017-04-18 07:34:51','2021-05-21 22:17:56'),(44,70,1,'eum',9,2,1756.49,0,0.00,0.00,0.00,0,'mollitia','2017-05-31 13:00:34','2021-05-21 22:17:56'),(45,78,1,'esse',6,0,24.45,0,0.00,0.00,0.00,0,'facere','2020-06-23 05:25:18','2021-05-21 22:17:56'),(46,40,1,'ut',5,5,29133.73,5,150000.00,0.00,0.00,0,'ut','2016-12-07 11:12:44','2021-05-21 22:17:56'),(47,49,0,'repellendus',2,4,16.96,0,0.00,0.00,0.00,0,'vitae','2013-04-18 03:41:46','2021-05-21 22:17:56'),(48,37,1,'perferendis',10,7,17.92,9,65200.00,0.00,0.00,0,'quis','2019-03-25 09:12:03','2021-05-21 22:17:56'),(49,9,0,'laborum',8,5,0.00,0,0.00,0.00,0.00,0,'quo','2015-09-15 02:16:10','2021-05-21 22:17:56'),(50,41,1,'distinctio',4,7,166161548.10,0,0.00,0.00,0.00,0,'nobis','2019-09-07 15:36:41','2021-05-21 22:17:57'),(51,15,1,'soluta',6,6,1.36,5,15000.00,0.00,0.00,0,'nesciunt','2015-11-04 03:36:18','2021-05-21 22:17:57'),(52,97,0,'qui',4,7,0.00,9,19000.00,5500.00,0.00,0,'est','2015-07-24 21:04:00','2021-05-25 20:56:00'),(53,85,0,'aliquid',6,8,230672064.39,0,0.00,0.00,0.00,0,'in','2020-01-18 06:17:20','2021-05-21 22:17:57'),(54,64,0,'qui',2,3,16452527.12,0,0.00,0.00,0.00,0,'recusandae','2013-11-16 07:47:47','2021-05-21 22:17:57'),(55,96,1,'eveniet',2,2,64.60,0,0.00,0.00,0.00,0,'et','2013-04-24 08:51:09','2021-05-21 22:17:57'),(56,97,1,'sed',9,5,1.20,1,35000.00,0.00,0.00,0,'est','2018-09-13 09:03:01','2021-05-21 22:17:57'),(57,22,0,'qui',8,1,0.00,5,45000.00,35000.00,15000.00,25,'voluptas','2012-07-08 14:55:08','2021-05-25 20:56:00'),(58,39,0,'enim',5,8,214699626.90,0,0.00,0.00,0.00,0,'dolore','2018-01-07 16:41:29','2021-05-21 22:17:57'),(59,90,1,'iure',1,1,6425.50,0,0.00,0.00,0.00,0,'qui','2012-01-05 21:00:56','2021-05-21 22:17:57'),(60,33,0,'et',7,7,385799.30,0,0.00,0.00,0.00,0,'labore','2016-11-29 10:42:22','2021-05-21 22:17:57'),(61,68,0,'natus',8,4,29.30,2,28000.00,0.00,0.00,0,'doloremque','2013-08-27 16:12:42','2021-05-21 22:17:57'),(62,17,0,'eligendi',2,5,236.85,1,30000.00,0.00,0.00,0,'dolorem','2019-07-13 01:34:58','2021-05-21 22:17:57'),(63,88,0,'est',6,6,398.48,0,0.00,0.00,0.00,0,'a','2012-01-29 05:49:12','2016-06-16 23:42:06'),(64,12,0,'culpa',10,1,5272.48,0,0.00,0.00,0.00,0,'ipsa','2014-07-17 03:09:08','2021-05-21 22:17:57'),(65,26,0,'omnis',6,0,434283529.82,0,0.00,0.00,0.00,0,'sed','2015-09-18 12:01:20','2021-05-21 22:17:57'),(66,35,0,'tenetur',5,0,0.00,1,45000.00,25000.00,25000.00,35,'nam','2014-10-14 21:05:55','2021-05-25 20:56:00'),(67,6,0,'officia',4,1,5.73,0,0.00,0.00,0.00,0,'a','2014-10-24 12:12:33','2021-05-21 22:17:57'),(68,73,0,'voluptatem',10,7,228.00,1,58500.00,0.00,0.00,0,'et','2017-07-26 10:33:57','2021-05-21 22:17:58'),(69,86,0,'ea',4,7,26300901.90,0,0.00,0.00,0.00,0,'vero','2016-02-25 23:51:12','2021-05-21 22:17:58'),(70,7,0,'earum',9,2,65.29,0,0.00,0.00,0.00,0,'ducimus','2013-02-15 23:20:18','2014-07-25 07:43:02'),(71,55,1,'aut',1,1,475362.97,0,0.00,0.00,0.00,0,'fuga','2019-04-21 13:11:44','2021-05-21 22:18:22'),(72,67,0,'unde',8,8,61.73,0,0.00,0.00,0.00,0,'quia','2016-09-21 11:19:26','2021-05-21 22:17:58'),(73,80,0,'a',1,2,3772.16,7,65000.00,0.00,0.00,0,'dolor','2015-09-19 01:58:12','2021-05-21 22:17:58'),(74,24,1,'laboriosam',7,0,0.00,9,70000.00,56000.00,56000.00,2,'minus','2015-10-23 05:46:26','2021-05-25 20:56:00'),(75,14,0,'iste',6,1,453.58,1,18000.00,0.00,0.00,0,'vel','2012-01-30 14:10:53','2021-05-21 22:17:58'),(76,37,0,'enim',9,2,81297224.61,0,0.00,0.00,0.00,0,'occaecati','2012-06-27 17:19:43','2021-05-21 22:17:58'),(77,28,0,'totam',6,2,731741.00,0,0.00,0.00,0.00,0,'dignissimos','2018-05-13 19:51:54','2021-05-21 22:17:58'),(78,99,1,'debitis',2,8,240.11,0,0.00,0.00,0.00,0,'quidem','2016-12-05 08:54:47','2021-05-21 22:17:58'),(79,6,0,'quis',2,0,24368.33,0,0.00,0.00,0.00,0,'aut','2013-02-18 17:57:40','2021-05-21 22:17:58'),(80,11,1,'velit',4,6,0.00,4,90000.00,80000.00,0.00,0,'qui','2020-12-09 19:28:31','2021-05-25 20:56:00'),(81,63,0,'quae',5,7,741071525.59,2,56000.00,0.00,0.00,0,'deleniti','2011-08-31 19:17:50','2021-05-21 22:17:58'),(82,72,0,'sint',7,2,4878626.06,0,0.00,0.00,0.00,0,'inventore','2013-08-18 21:17:03','2021-05-21 22:17:58'),(83,76,0,'id',5,1,3818.01,0,0.00,0.00,0.00,0,'eveniet','2013-07-17 19:57:45','2021-05-21 22:17:58'),(84,60,1,'tempore',7,5,60494552.00,0,0.00,0.00,0.00,0,'praesentium','2012-12-18 07:00:42','2021-05-21 22:17:58'),(85,82,1,'quo',7,6,0.00,0,0.00,0.00,0.00,0,'sed','2019-01-05 07:45:21','2021-05-21 22:17:58'),(86,42,1,'possimus',4,0,0.00,3,58000.00,56000.00,0.00,0,'modi','2014-08-27 12:49:31','2021-05-21 22:17:58'),(87,70,1,'consequatur',1,4,0.00,0,0.00,0.00,0.00,0,'sed','2017-03-03 14:57:19','2021-05-21 22:17:58'),(88,12,0,'inventore',5,6,43629627.04,0,0.00,0.00,0.00,0,'quam','2017-07-21 23:27:51','2021-05-21 22:17:58'),(89,14,0,'ad',4,8,2353050.83,0,0.00,0.00,0.00,0,'atque','2012-09-28 06:03:35','2018-12-15 10:11:35'),(90,19,0,'exercitationem',3,4,156560.48,6,45000.00,0.00,0.00,0,'ut','2016-04-28 19:53:10','2021-05-21 22:17:58'),(91,90,1,'a',6,9,252098009.72,5,35000.00,0.00,0.00,0,'amet','2013-04-30 02:18:43','2021-05-21 22:17:58'),(92,9,0,'vel',2,9,0.00,6,45000.00,30000.00,15000.00,15,'autem','2016-03-22 06:31:15','2021-05-25 20:56:01'),(93,8,0,'deleniti',1,1,5.65,0,0.00,0.00,0.00,0,'ea','2016-06-04 20:16:08','2021-05-21 22:17:59'),(94,32,1,'odio',2,6,813886.13,0,0.00,0.00,0.00,0,'sunt','2017-06-19 20:37:01','2021-05-21 22:17:59'),(95,18,1,'ut',5,2,493194.41,1,18000.00,0.00,0.00,0,'doloremque','2016-03-20 09:47:27','2021-05-21 22:17:59'),(96,44,1,'qui',9,8,4599.40,0,0.00,0.00,0.00,0,'laboriosam','2015-04-04 17:37:10','2021-05-21 22:18:22'),(97,87,0,'molestias',2,8,0.00,7,55500.00,0.00,0.00,0,'modi','2019-09-27 09:18:34','2021-05-21 22:17:59'),(98,50,0,'ut',7,0,363988384.00,9,65000.00,0.00,0.00,0,'libero','2016-06-19 10:23:47','2021-05-21 22:17:59'),(99,60,0,'excepturi',1,7,0.00,4,70000.00,58000.00,0.00,0,'reprehenderit','2014-06-09 12:54:46','2021-05-25 20:56:01'),(100,24,0,'rerum',5,0,462330.06,5,18000.00,0.00,0.00,0,'libero','2015-04-11 01:32:22','2021-05-21 22:17:59');
/*!40000 ALTER TABLE `company` ENABLE KEYS */;
UNLOCK TABLES;

--
-- Table structure for table `contract_price`
--

DROP TABLE IF EXISTS `contract_price`;
/*!40101 SET @saved_cs_client     = @@character_set_client */;
/*!50503 SET character_set_client = utf8mb4 */;
CREATE TABLE `contract_price` (
  `id` int unsigned NOT NULL AUTO_INCREMENT,
  `company_id` int unsigned NOT NULL COMMENT 'ID компании => company.id',
  `price_type_id` int unsigned NOT NULL COMMENT 'ID типа цены => price_type.id',
  `discount` decimal(7,4) NOT NULL COMMENT 'Размер скидки в процентах',
  `brand_id` int unsigned NOT NULL COMMENT 'ID бренда, для которого предоставляется скидка => brands.id',
  `created_at` datetime DEFAULT CURRENT_TIMESTAMP,
  `updated_at` datetime DEFAULT CURRENT_TIMESTAMP ON UPDATE CURRENT_TIMESTAMP,
  PRIMARY KEY (`id`),
  KEY `contract_price_company_id_fk` (`company_id`),
  KEY `contract_price_price_type_id_fk` (`price_type_id`),
  CONSTRAINT `contract_price_company_id_fk` FOREIGN KEY (`company_id`) REFERENCES `company` (`id`),
  CONSTRAINT `contract_price_price_type_id_fk` FOREIGN KEY (`price_type_id`) REFERENCES `price_type` (`id`) ON UPDATE CASCADE
) ENGINE=InnoDB AUTO_INCREMENT=101 DEFAULT CHARSET=utf8mb4 COLLATE=utf8mb4_unicode_ci COMMENT='Цены по договору, скидки';
/*!40101 SET character_set_client = @saved_cs_client */;

--
-- Dumping data for table `contract_price`
--

LOCK TABLES `contract_price` WRITE;
/*!40000 ALTER TABLE `contract_price` DISABLE KEYS */;
INSERT INTO `contract_price` VALUES (1,42,8,22.0000,14,'2020-12-01 12:04:32','2021-05-21 22:19:18'),(2,48,9,26.0000,54,'2016-09-26 03:32:21','2021-05-21 22:19:18'),(3,20,4,18.0000,6,'2012-10-26 01:16:22','2018-08-25 20:06:56'),(4,25,10,23.0000,44,'2020-08-04 11:25:24','2021-05-21 22:19:18'),(5,17,8,5.0000,95,'2020-11-13 14:02:33','2021-05-21 22:19:18'),(6,1,10,24.0000,17,'2016-10-05 20:55:34','2021-05-21 22:19:18'),(7,33,4,32.0000,52,'2013-04-29 13:52:44','2021-05-21 22:19:18'),(8,74,4,17.0000,6,'2020-07-27 19:56:08','2021-05-21 22:19:18'),(9,96,10,22.0000,3,'2012-12-04 20:02:44','2013-11-06 15:18:08'),(10,91,1,20.0000,43,'2018-07-16 19:39:46','2021-05-21 22:19:18'),(11,81,5,3.0000,20,'2018-01-01 12:17:00','2021-05-21 22:19:18'),(12,95,10,20.0000,6,'2014-05-08 08:08:37','2021-05-21 22:19:18'),(13,48,2,25.0000,43,'2021-04-07 07:53:00','2021-05-21 22:19:18'),(14,54,4,13.0000,38,'2016-10-02 16:32:19','2021-05-21 22:19:18'),(15,98,6,10.0000,16,'2016-05-23 16:44:32','2021-05-21 22:19:18'),(16,92,6,30.0000,13,'2019-08-03 23:10:25','2019-08-28 02:46:22'),(17,9,9,7.0000,45,'2021-04-12 12:54:55','2021-05-21 22:19:18'),(18,60,6,16.0000,82,'2021-02-11 15:08:08','2021-05-21 22:19:18'),(19,66,6,1.0000,77,'2015-02-03 15:50:14','2021-05-21 22:19:18'),(20,68,5,9.0000,80,'2011-07-05 05:43:26','2021-03-15 05:47:58'),(21,11,3,18.0000,25,'2018-05-17 10:11:39','2019-12-05 01:06:18'),(22,30,2,3.0000,17,'2021-04-21 06:46:06','2021-05-21 22:19:18'),(23,35,7,6.0000,28,'2018-09-20 11:24:10','2020-06-30 07:06:01'),(24,78,2,11.0000,63,'2011-08-11 06:23:44','2016-01-24 08:49:10'),(25,15,2,21.0000,15,'2021-03-23 17:49:22','2021-05-08 09:07:40'),(26,30,1,5.0000,67,'2019-03-16 16:13:22','2021-05-21 22:19:18'),(27,43,2,17.0000,51,'2017-05-29 12:17:26','2017-06-13 11:00:14'),(28,88,8,11.0000,9,'2012-04-27 09:03:33','2017-02-23 01:59:14'),(29,69,5,7.0000,62,'2020-05-26 00:24:33','2021-05-21 22:19:18'),(30,46,1,35.0000,6,'2015-06-13 21:23:29','2021-03-24 15:48:47'),(31,26,2,35.0000,30,'2016-08-17 05:06:51','2021-05-21 22:19:18'),(32,50,5,24.0000,49,'2012-08-28 23:13:27','2014-04-07 13:38:58'),(33,67,9,17.0000,15,'2017-08-02 11:28:37','2020-06-04 14:34:48'),(34,94,7,1.0000,34,'2013-10-28 03:35:10','2018-09-09 20:29:04'),(35,57,8,3.0000,51,'2016-04-29 17:39:10','2018-12-27 08:10:42'),(36,72,1,3.0000,59,'2013-06-07 13:32:54','2021-05-21 22:19:18'),(37,38,5,14.0000,75,'2014-04-27 01:09:49','2018-06-30 08:58:03'),(38,89,4,3.0000,51,'2017-09-11 14:04:42','2021-05-21 22:19:18'),(39,97,1,22.0000,93,'2011-05-25 17:07:15','2021-01-26 13:51:29'),(40,59,5,25.0000,2,'2013-03-27 04:44:30','2020-05-06 14:38:56'),(41,65,8,35.0000,21,'2019-09-04 16:10:44','2021-05-21 22:19:18'),(42,95,3,4.0000,69,'2012-04-07 18:10:48','2019-01-13 11:55:47'),(43,43,10,31.0000,52,'2018-03-01 18:13:41','2018-09-23 05:49:27'),(44,57,9,23.0000,13,'2020-11-25 06:05:57','2021-05-21 22:19:18'),(45,90,5,2.0000,87,'2016-12-31 21:48:52','2021-05-21 22:19:18'),(46,40,2,18.0000,91,'2018-02-07 17:13:03','2021-05-21 22:19:18'),(47,99,6,12.0000,38,'2016-07-15 17:30:53','2017-06-06 04:59:35'),(48,74,4,7.0000,73,'2013-04-14 15:52:49','2021-05-21 22:19:18'),(49,24,4,19.0000,76,'2020-07-24 13:36:03','2021-05-21 22:19:18'),(50,17,10,27.0000,25,'2016-06-03 11:23:21','2021-05-21 22:19:18'),(51,18,6,28.0000,100,'2018-04-10 19:55:35','2020-06-28 04:34:27'),(52,38,6,34.0000,25,'2015-04-26 06:00:55','2016-04-21 23:23:24'),(53,6,10,34.0000,16,'2014-06-24 22:00:12','2019-10-18 20:34:23'),(54,58,6,12.0000,100,'2012-09-11 12:15:03','2014-10-27 04:09:40'),(55,71,5,15.0000,42,'2012-05-26 14:50:45','2016-02-13 10:10:48'),(56,57,9,34.0000,54,'2012-10-24 14:40:53','2015-12-18 02:39:29'),(57,48,8,8.0000,5,'2014-03-23 02:12:23','2021-05-21 22:19:18'),(58,86,6,12.0000,43,'2016-11-11 22:36:24','2021-05-21 22:19:18'),(59,58,8,18.0000,79,'2020-10-06 21:26:52','2021-05-21 22:19:18'),(60,34,10,3.0000,73,'2013-12-16 10:22:00','2014-02-11 17:23:57'),(61,58,1,8.0000,31,'2015-02-23 17:52:00','2020-04-15 14:40:10'),(62,58,5,27.0000,83,'2014-11-23 01:58:48','2021-05-21 22:19:18'),(63,82,6,19.0000,78,'2011-06-23 00:43:01','2013-03-14 21:10:27'),(64,97,2,34.0000,29,'2019-06-11 09:05:39','2021-05-21 22:19:18'),(65,97,9,4.0000,70,'2012-05-27 08:12:35','2017-03-30 06:45:36'),(66,38,4,24.0000,50,'2017-04-14 22:29:56','2021-05-21 22:19:18'),(67,92,9,6.0000,29,'2016-03-15 03:56:09','2017-12-12 00:22:58'),(68,96,7,20.0000,81,'2021-01-29 17:30:38','2021-05-21 22:19:18'),(69,39,3,10.0000,57,'2013-07-03 04:56:16','2021-05-21 22:19:18'),(70,17,7,23.0000,48,'2015-04-21 06:20:23','2018-06-20 16:41:13'),(71,89,2,7.0000,57,'2014-12-15 21:43:12','2016-04-22 20:51:21'),(72,20,8,15.0000,4,'2014-10-05 06:54:51','2021-05-21 22:19:18'),(73,3,6,5.0000,56,'2013-09-12 04:21:47','2018-05-03 06:53:53'),(74,80,6,28.0000,66,'2012-04-01 03:32:05','2013-06-11 03:50:00'),(75,9,5,6.0000,46,'2014-02-04 09:42:42','2015-07-02 17:10:41'),(76,78,9,5.0000,83,'2012-06-26 05:17:52','2021-05-03 11:20:31'),(77,28,8,31.0000,67,'2018-09-18 13:04:24','2020-04-07 02:13:27'),(78,56,8,27.0000,37,'2012-02-05 01:13:57','2021-05-21 22:19:18'),(79,37,2,14.0000,65,'2020-06-22 12:53:15','2021-05-21 22:19:18'),(80,93,3,7.0000,25,'2015-10-23 07:57:51','2021-05-21 22:19:18'),(81,41,2,9.0000,44,'2013-09-20 07:03:08','2014-05-15 18:37:59'),(82,98,4,21.0000,19,'2011-06-29 06:13:10','2017-08-18 21:02:02'),(83,1,4,8.0000,76,'2021-03-07 17:14:34','2021-05-21 22:19:18'),(84,56,2,35.0000,29,'2017-06-21 16:48:29','2021-05-21 22:19:18'),(85,22,3,11.0000,78,'2021-05-15 04:00:20','2021-05-21 22:19:18'),(86,67,1,6.0000,66,'2015-03-31 22:47:43','2016-05-15 07:39:34'),(87,49,4,13.0000,45,'2019-03-01 00:31:12','2021-05-21 22:19:18'),(88,16,9,8.0000,19,'2013-05-03 03:34:43','2021-05-21 22:19:18'),(89,52,3,15.0000,32,'2020-09-23 19:26:44','2021-05-21 22:19:18'),(90,16,2,3.0000,61,'2013-02-17 19:36:28','2018-08-05 13:08:40'),(91,41,6,11.0000,79,'2015-03-11 22:48:43','2018-12-19 04:47:37'),(92,84,6,12.0000,16,'2014-09-10 22:56:01','2018-09-03 00:49:56'),(93,3,6,3.0000,55,'2013-11-23 03:10:56','2016-06-13 22:01:49'),(94,78,2,9.0000,74,'2019-06-30 19:28:06','2021-05-21 22:19:18'),(95,7,4,11.0000,1,'2019-06-14 08:35:52','2021-05-21 22:19:18'),(96,84,10,35.0000,6,'2018-02-22 04:41:13','2021-05-21 22:19:18'),(97,50,5,14.0000,38,'2017-06-25 02:16:01','2021-05-21 22:19:18'),(98,94,7,5.0000,25,'2018-02-13 22:03:12','2021-05-21 22:19:18'),(99,12,2,28.0000,50,'2018-01-19 18:09:45','2021-05-21 22:19:18'),(100,44,4,20.0000,67,'2018-09-04 17:37:13','2021-05-21 22:19:18');
/*!40000 ALTER TABLE `contract_price` ENABLE KEYS */;
UNLOCK TABLES;

--
-- Table structure for table `currency`
--

DROP TABLE IF EXISTS `currency`;
/*!40101 SET @saved_cs_client     = @@character_set_client */;
/*!50503 SET character_set_client = utf8mb4 */;
CREATE TABLE `currency` (
  `id` int unsigned NOT NULL AUTO_INCREMENT,
  `abbreviation` varchar(60) NOT NULL COMMENT 'Аббревиатура валюты. Например RUR, USD',
  `sign` varchar(10) NOT NULL COMMENT 'Отображаемый знак валюты. Например руб. или $',
  `updated_at` datetime DEFAULT CURRENT_TIMESTAMP ON UPDATE CURRENT_TIMESTAMP,
  PRIMARY KEY (`id`),
  KEY `currency_abbreviation_idx` (`abbreviation`) COMMENT 'Поиск по валюте используют часто, поэтому создал индекс.'
) ENGINE=InnoDB AUTO_INCREMENT=6 DEFAULT CHARSET=utf8mb4 COLLATE=utf8mb4_0900_ai_ci COMMENT='Таблица валюты';
/*!40101 SET character_set_client = @saved_cs_client */;

--
-- Dumping data for table `currency`
--

LOCK TABLES `currency` WRITE;
/*!40000 ALTER TABLE `currency` DISABLE KEYS */;
INSERT INTO `currency` VALUES (1,'rubls','₽','2021-05-21 22:23:50'),(2,'dollars','$','2021-05-21 22:23:50'),(3,'euro','€','2021-05-21 22:23:50'),(4,'yuan','¥','2021-05-21 22:23:50'),(5,'rupees','₹','2021-05-21 22:23:51');
/*!40000 ALTER TABLE `currency` ENABLE KEYS */;
UNLOCK TABLES;

--
-- Temporary view structure for view `debtors`
--

DROP TABLE IF EXISTS `debtors`;
/*!50001 DROP VIEW IF EXISTS `debtors`*/;
SET @saved_cs_client     = @@character_set_client;
/*!50503 SET character_set_client = utf8mb4 */;
/*!50001 CREATE VIEW `debtors` AS SELECT 
 1 AS `name`,
 1 AS `director`,
 1 AS `phone`,
 1 AS `another_phone`,
 1 AS `email`,
 1 AS `balance`,
 1 AS `credit_sum`,
 1 AS `receivables`,
 1 AS `overdue_receivables`,
 1 AS `overdue_duration`*/;
SET character_set_client = @saved_cs_client;

--
-- Table structure for table `delivery_point`
--

DROP TABLE IF EXISTS `delivery_point`;
/*!40101 SET @saved_cs_client     = @@character_set_client */;
/*!50503 SET character_set_client = utf8mb4 */;
CREATE TABLE `delivery_point` (
  `id` int unsigned NOT NULL AUTO_INCREMENT,
  `company_id` int unsigned NOT NULL COMMENT 'ID компании => company.id',
  `address` text NOT NULL COMMENT 'Адрес доставки',
  `created_at` datetime DEFAULT CURRENT_TIMESTAMP,
  `updated_at` datetime DEFAULT CURRENT_TIMESTAMP ON UPDATE CURRENT_TIMESTAMP,
  PRIMARY KEY (`id`),
  KEY `delivery_point_company_id` (`company_id`),
  CONSTRAINT `delivery_point_company_id` FOREIGN KEY (`company_id`) REFERENCES `company` (`id`)
) ENGINE=InnoDB AUTO_INCREMENT=101 DEFAULT CHARSET=utf8mb4 COLLATE=utf8mb4_0900_ai_ci COMMENT='Список адресов доставки доступных для клиентов.';
/*!40101 SET character_set_client = @saved_cs_client */;

--
-- Dumping data for table `delivery_point`
--

LOCK TABLES `delivery_point` WRITE;
/*!40000 ALTER TABLE `delivery_point` DISABLE KEYS */;
INSERT INTO `delivery_point` VALUES (1,41,'56097 Marquardt Prairie\nJohathanberg, GA 25153-3083','2017-02-06 20:56:27','2018-11-02 11:30:58'),(2,76,'93762 Devonte Stravenue\nWest Mozell, GA 43996','2018-06-05 09:53:46','2019-04-10 10:47:27'),(3,33,'9532 Jerry Ferry\nWest Jeromeville, SD 12767','2018-07-07 17:44:38','2021-05-21 22:26:04'),(4,36,'910 Kianna Turnpike\nKeeblerland, NM 50599','2021-04-01 21:58:31','2021-05-21 22:26:04'),(5,46,'95347 Elsie Canyon Apt. 531\nGerhardhaven, CT 17267-2539','2015-11-16 16:33:14','2021-05-21 22:26:04'),(6,83,'0923 Kirlin Motorway Apt. 906\nSpencerborough, AZ 62242','2015-11-26 11:55:25','2018-07-09 10:52:10'),(7,27,'00224 Josefina Rapid Apt. 863\nLake Esmeraldaville, CT 87082-5059','2013-04-09 04:29:13','2018-08-06 01:08:02'),(8,79,'4844 Hazel Village\nNorth Gretchen, MO 50544','2020-01-08 20:49:25','2021-05-21 22:26:04'),(9,99,'178 Heathcote Stream Suite 159\nLake Cecelia, MI 87883-8050','2021-04-12 10:24:34','2021-05-21 22:26:04'),(10,71,'2180 Mraz Lane Apt. 393\nNew Mateomouth, TN 13427','2014-11-10 15:12:04','2020-08-08 10:14:09'),(11,88,'3181 Glenda Oval\nNew Khalidfort, WI 51139','2016-09-17 03:35:19','2021-05-21 22:26:04'),(12,82,'0940 Elvera Roads\nSouth Roselyn, NH 87247-8607','2016-04-28 03:04:05','2018-06-24 20:27:16'),(13,3,'820 Schuster Lane Suite 253\nRandistad, IL 32143-1452','2021-02-25 22:20:40','2021-05-21 22:26:04'),(14,4,'495 Bo Flat\nLake Jeanie, LA 55618','2019-02-04 14:08:09','2021-05-21 22:26:04'),(15,61,'7450 Steuber Greens Suite 278\nPort Alfredbury, SD 41615','2011-06-21 05:21:37','2014-11-12 14:40:00'),(16,97,'0181 Bogan Plains\nGracielatown, AK 68927','2021-01-14 19:34:05','2021-05-21 22:26:04'),(17,73,'76282 Padberg Plains Apt. 288\nNorth Jodyville, VT 81075','2015-06-02 01:03:00','2017-09-04 18:01:21'),(18,43,'8776 Henri Freeway\nNorth Kiley, VA 75796-0519','2019-06-07 20:22:42','2021-05-21 22:26:04'),(19,38,'89132 Murray Haven\nLoycefort, TN 36120','2019-09-13 12:53:00','2021-05-21 22:26:04'),(20,22,'016 Sheila Pass Suite 934\nStefanmouth, IN 38729-1871','2017-12-31 01:25:30','2020-06-26 20:02:00'),(21,60,'58101 Gerard Falls\nBahringerberg, NH 53984-9004','2014-08-25 04:16:52','2017-02-10 23:49:02'),(22,47,'13408 Conroy Walk\nPort Antonette, NY 30225-3210','2018-10-15 05:27:26','2021-05-21 22:26:04'),(23,17,'9823 Doyle Pike\nPort Katrineburgh, DC 39886-0976','2014-01-07 15:40:18','2019-06-26 04:24:17'),(24,25,'95121 Adrienne Plains Apt. 279\nParisianmouth, IN 68960','2016-12-24 00:59:35','2021-03-24 09:50:50'),(25,30,'638 Kuhic Extension\nNorth Roselyn, OH 46182-5131','2017-01-19 16:05:00','2021-05-21 22:26:04'),(26,74,'59278 Jones Views Apt. 103\nKeaganmouth, NC 34202','2018-12-05 09:05:10','2021-05-21 22:26:04'),(27,57,'11136 Clifton Flat Apt. 151\nLake Aliya, AZ 75205-2584','2012-07-27 04:50:56','2016-04-14 01:41:36'),(28,45,'2667 Gutmann Drive Apt. 748\nGeomouth, NC 32780','2021-01-31 06:15:38','2021-05-21 22:26:04'),(29,69,'3681 Block Haven Suite 511\nAbbottberg, OR 81321','2014-06-28 20:24:42','2016-12-06 10:33:34'),(30,72,'79371 Deon Loop\nLake Kaley, MD 51936','2017-07-17 20:47:51','2021-05-21 22:26:04'),(31,82,'13535 Conn Mount Suite 690\nPort Zula, AR 06154','2013-03-26 16:13:00','2021-05-21 22:26:04'),(32,10,'0375 Brandi Plaza Suite 273\nSouth Cleve, NY 83802-7479','2012-06-29 02:19:00','2018-12-27 20:10:51'),(33,48,'131 Jordon Brooks Suite 759\nChristashire, OK 89983-9256','2011-12-08 23:25:38','2019-04-24 14:17:52'),(34,15,'5349 Mason Forest\nSouth Geoffrey, MD 68178-8860','2017-01-15 12:51:25','2019-01-17 13:22:06'),(35,45,'4959 Eliza Harbors Suite 778\nPinkland, WA 32225','2015-12-25 22:09:46','2019-09-17 03:26:44'),(36,94,'81277 Kavon Causeway Suite 500\nGilbertofurt, DC 55277-1730','2019-03-01 13:28:49','2020-08-12 12:55:37'),(37,97,'8293 Chanelle Overpass\nNorth Verna, MA 96940-0281','2016-10-07 04:17:58','2021-05-21 22:26:04'),(38,72,'56102 Claire Key\nWest Amelia, NM 28054-4387','2017-03-21 12:39:23','2020-10-04 01:03:32'),(39,72,'28117 Kiera Ford Suite 715\nJaquelinland, AL 62117','2018-12-29 04:05:40','2021-05-21 22:26:04'),(40,96,'87718 Derick Viaduct Apt. 931\nAdamsview, NY 79910-1133','2011-07-14 11:27:34','2019-04-27 02:34:52'),(41,42,'26595 McDermott Villages Suite 353\nHannaport, OH 31257','2015-01-28 11:41:49','2021-05-21 22:26:04'),(42,60,'48422 Russel Alley\nWest Roxannefort, SD 12670-3724','2021-04-10 16:34:42','2021-05-21 22:26:04'),(43,77,'706 Lonnie Mill Suite 734\nLeaville, NY 21869','2012-06-16 07:58:55','2021-04-18 15:04:25'),(44,44,'60539 Bednar Row Suite 401\nNorth Raina, NH 71190-4933','2017-02-13 11:16:38','2018-10-13 07:33:12'),(45,64,'8669 Katrina Neck\nFreidaburgh, NM 90998','2013-04-04 09:28:35','2014-11-28 13:06:35'),(46,37,'9294 Pinkie Stravenue Apt. 610\nNew Amelyview, LA 33156-5851','2014-04-30 22:28:20','2021-05-21 22:26:04'),(47,41,'418 Cummerata Ways\nPowlowskifort, KY 73636','2015-11-11 00:05:47','2015-11-11 22:48:04'),(48,37,'9041 Clotilde Stravenue Apt. 098\nWest Dejonstad, HI 07377-9581','2012-09-24 13:33:19','2015-08-06 09:15:15'),(49,80,'8679 Kassulke Falls\nConnchester, CT 23156-3506','2013-12-20 02:23:51','2021-01-24 21:05:21'),(50,78,'7852 Brown Harbor Suite 375\nMcKenziebury, MI 64977-6725','2018-03-16 01:58:39','2021-05-21 22:26:04'),(51,59,'75015 Geovanny Freeway Apt. 569\nNew Tyshawn, CO 37700-5553','2016-01-19 10:14:27','2018-04-12 08:47:48'),(52,39,'0041 Schmeler Mission Apt. 870\nLeschmouth, SD 41521-4849','2018-04-15 03:40:45','2021-05-21 22:26:04'),(53,25,'97339 Fritsch Lane\nNew Angusland, MI 40608-5241','2011-09-21 07:22:39','2017-07-13 12:52:35'),(54,75,'0116 Hammes Courts Suite 015\nKiehnburgh, OH 22466-6324','2020-08-30 09:35:44','2021-05-21 22:26:04'),(55,64,'9140 Barton Mountain\nSchummland, GA 75893','2015-08-04 16:34:02','2020-02-02 07:57:48'),(56,54,'660 Jorge Avenue\nSouth Gayleburgh, OR 62985','2012-10-04 23:17:13','2020-11-07 12:47:24'),(57,49,'68647 Kris Gardens\nNorth Aglae, VT 42271-5173','2021-04-17 07:24:49','2021-05-21 22:26:04'),(58,21,'8937 Lavonne Neck\nGianniland, MT 63748','2012-09-06 02:02:52','2018-07-21 02:09:57'),(59,99,'00263 Gwen Mountain\nTillmanstad, WA 66293-2703','2019-06-21 21:56:30','2021-05-21 22:26:04'),(60,18,'4069 Goldner Fort\nLake Madilynburgh, UT 59849-1190','2016-05-05 02:37:03','2018-08-26 19:31:32'),(61,93,'29943 Corwin Springs\nSouth Deshawnchester, KS 89355','2016-12-14 03:33:13','2021-05-21 22:26:04'),(62,80,'8023 Hattie Prairie Suite 492\nEast Haven, LA 40910','2016-03-31 06:08:29','2016-08-07 20:26:02'),(63,27,'99975 White Ports Suite 514\nSouth Loniefort, VT 57093-4897','2015-01-06 08:43:41','2021-05-21 22:26:04'),(64,41,'17589 Edgar Ferry\nLake Alisaburgh, OH 30070-3285','2014-08-06 05:05:12','2018-07-21 17:16:02'),(65,94,'06528 Cruz Field\nNew Isaiah, NC 05494','2013-06-07 09:50:43','2017-12-04 23:54:09'),(66,72,'5598 Mueller Forges Suite 126\nWest Sylvester, IA 87385-2136','2018-05-11 18:31:09','2021-05-21 22:26:04'),(67,34,'384 Bernice Inlet Suite 965\nWest Jacky, IA 43315','2016-02-04 22:46:08','2020-10-07 05:45:00'),(68,91,'41692 Blanche Valleys\nWest Chanelleberg, TN 39292','2015-07-01 00:15:37','2021-05-21 22:26:04'),(69,43,'5773 Veum Row\nSouth Margiebury, IA 31334-4569','2018-05-28 02:48:46','2020-03-19 14:36:33'),(70,6,'7996 Korey Forge\nBrentland, IA 32321','2013-08-18 22:50:50','2020-03-17 09:34:10'),(71,86,'9597 Shanna Estates\nNew Verner, MO 02884-3337','2018-09-26 14:34:01','2020-06-06 18:26:24'),(72,84,'3210 Hayden Spur Apt. 154\nPowlowskistad, NY 59945','2013-05-12 03:03:01','2018-06-17 02:25:22'),(73,65,'6576 O\'Keefe Lodge\nPort Dejuanborough, KS 05770-6232','2019-10-31 07:28:59','2021-05-21 22:26:04'),(74,62,'6264 Daphney Ridges\nAngelitatown, WI 51393','2019-05-28 05:38:26','2021-05-21 22:26:04'),(75,28,'51617 Will Parkways\nSouth Dorothea, NY 84560-1948','2016-12-02 20:04:52','2021-05-21 22:26:04'),(76,29,'68093 Rempel Flats\nWymanfort, TN 87775','2012-12-16 03:14:32','2018-11-12 07:19:32'),(77,99,'23708 Roxanne Glens Apt. 995\nDanielton, GA 33293-9810','2020-12-25 14:25:32','2021-05-21 22:26:04'),(78,68,'0058 Alvina Brooks\nFeilbury, ME 58307-4308','2012-04-17 14:00:45','2017-03-23 01:02:32'),(79,65,'6810 Jillian Island Suite 364\nNorth Tiafort, GA 64805','2018-05-15 13:28:22','2019-08-23 16:18:37'),(80,78,'184 Osbaldo Courts Apt. 662\nNorth Yolanda, DE 31325','2019-06-17 01:59:15','2021-05-21 22:26:04'),(81,46,'2908 Dayne Circles Suite 954\nEllachester, NJ 86883','2018-04-03 11:33:34','2019-05-13 12:38:21'),(82,23,'642 Leilani Row\nDaphneeport, CO 18294-4455','2011-12-05 18:32:47','2012-10-20 17:29:37'),(83,17,'4074 Theodore Station Apt. 730\nMeaganburgh, IN 68813','2020-07-21 17:54:54','2021-05-21 22:26:04'),(84,70,'2795 Marquardt Ranch\nTomasaton, MO 30670','2017-04-14 07:22:23','2021-05-21 22:26:04'),(85,98,'3518 Boehm Mountains Suite 600\nKoepphaven, CO 16229','2018-09-24 08:43:33','2020-10-23 09:28:51'),(86,80,'82700 Toy Ville\nWatersside, FL 58555-3065','2016-03-26 08:23:20','2018-07-29 18:41:09'),(87,24,'48921 Davon Mill Suite 068\nParkerfurt, IL 11920-9062','2016-12-26 18:17:17','2021-05-21 22:26:04'),(88,47,'078 Schmidt Ports\nPort Karsonchester, TN 78570-6294','2011-06-14 03:36:31','2017-06-27 02:26:12'),(89,1,'9262 Eliezer Canyon\nNorth Bertrand, IL 29592','2014-09-16 15:39:10','2020-10-19 13:47:58'),(90,22,'752 Abdullah Center Apt. 498\nNicoleport, GA 69529-6166','2019-03-21 17:35:21','2021-05-21 22:26:04'),(91,64,'5542 Kamryn Burgs\nLake Eleanoreside, MT 57837-7560','2019-07-05 23:31:54','2021-05-21 22:26:04'),(92,93,'59654 Gutkowski Drive Apt. 113\nArnoldotown, NM 53528','2019-07-03 02:18:41','2021-05-21 22:26:04'),(93,1,'5809 Corwin Fall Apt. 554\nWest Monty, OH 96109','2019-11-03 11:57:51','2021-05-21 22:26:04'),(94,91,'177 Dina Pines\nHilmamouth, WA 14605-5910','2018-06-25 07:22:41','2019-04-03 17:31:38'),(95,33,'97686 Zemlak Radial\nLake Roychester, OR 56427-3379','2016-10-27 18:58:24','2020-02-07 04:41:00'),(96,95,'9162 Rippin Way Apt. 445\nWest Jerel, MO 10933','2019-12-05 01:50:28','2021-05-21 22:26:04'),(97,62,'55441 Schultz Locks\nBalistreristad, OH 37568-8634','2019-01-21 18:01:09','2021-05-21 22:26:04'),(98,67,'4148 Huels Streets\nKiehnport, ID 94416','2020-07-15 00:11:24','2021-05-21 22:26:04'),(99,85,'70685 Amelia Ranch\nFelicitytown, ID 79596-1347','2013-07-22 05:25:38','2013-11-15 17:25:46'),(100,4,'723 Schiller Islands\nBrycenhaven, AR 91604-2607','2012-06-16 16:09:45','2018-06-07 23:29:52');
/*!40000 ALTER TABLE `delivery_point` ENABLE KEYS */;
UNLOCK TABLES;

--
-- Table structure for table `delivery_schedule`
--

DROP TABLE IF EXISTS `delivery_schedule`;
/*!40101 SET @saved_cs_client     = @@character_set_client */;
/*!50503 SET character_set_client = utf8mb4 */;
CREATE TABLE `delivery_schedule` (
  `company_id` int unsigned NOT NULL COMMENT 'ID компании => company.id',
  `delivery_point_id` int unsigned NOT NULL COMMENT 'ID адреса доставки delivery_point_id => delivery_point.id',
  `mom` tinyint(1) NOT NULL DEFAULT '0',
  `tue` tinyint(1) NOT NULL DEFAULT '0',
  `wed` tinyint(1) NOT NULL DEFAULT '0',
  `thu` tinyint(1) NOT NULL DEFAULT '0',
  `fri` tinyint(1) NOT NULL DEFAULT '0',
  `sat` tinyint(1) NOT NULL DEFAULT '0',
  `sun` tinyint(1) NOT NULL DEFAULT '0' COMMENT 'Флаги доставки в определенный день недели',
  `created_at` datetime DEFAULT CURRENT_TIMESTAMP,
  `updated_at` datetime DEFAULT CURRENT_TIMESTAMP ON UPDATE CURRENT_TIMESTAMP,
  PRIMARY KEY (`company_id`),
  KEY `delivery_schedule_delivery_point_id_fk` (`delivery_point_id`),
  CONSTRAINT `delivery_schedule_company_id_fk` FOREIGN KEY (`company_id`) REFERENCES `company` (`id`),
  CONSTRAINT `delivery_schedule_delivery_point_id_fk` FOREIGN KEY (`delivery_point_id`) REFERENCES `delivery_point` (`id`)
) ENGINE=InnoDB DEFAULT CHARSET=utf8mb4 COLLATE=utf8mb4_unicode_ci COMMENT='График доставки';
/*!40101 SET character_set_client = @saved_cs_client */;

--
-- Dumping data for table `delivery_schedule`
--

LOCK TABLES `delivery_schedule` WRITE;
/*!40000 ALTER TABLE `delivery_schedule` DISABLE KEYS */;
INSERT INTO `delivery_schedule` VALUES (2,96,0,1,0,0,0,0,0,'2016-09-11 12:52:09','2021-05-21 22:29:22'),(3,65,0,0,1,0,0,0,0,'2016-11-06 00:19:14','2021-05-21 22:29:22'),(4,65,0,1,0,0,0,0,0,'2016-04-24 16:38:31','2021-05-21 22:29:22'),(5,34,0,0,0,1,0,0,0,'2018-09-05 11:52:17','2021-05-21 22:29:22'),(8,74,0,0,0,0,1,0,0,'2017-05-01 10:31:46','2021-05-21 22:29:23'),(9,8,0,0,0,0,1,0,0,'2019-08-15 17:38:19','2021-05-21 22:29:23'),(10,45,0,0,0,0,0,1,0,'2019-12-11 11:42:42','2021-05-21 22:29:23'),(11,1,0,1,0,0,0,0,0,'2016-08-21 23:12:34','2021-05-21 22:29:23'),(13,44,0,0,1,0,0,0,0,'2011-08-24 03:50:55','2021-05-21 22:29:23'),(14,77,1,0,0,0,0,0,0,'2015-09-15 13:21:36','2021-05-21 22:29:23'),(15,34,0,0,0,0,1,0,0,'2013-04-09 22:53:34','2021-05-21 22:29:23'),(16,13,0,0,0,1,0,0,0,'2013-10-24 21:50:29','2021-05-21 22:29:23'),(17,41,0,0,0,0,0,0,1,'2011-11-23 18:46:03','2021-05-21 22:29:23'),(18,77,0,0,0,0,0,1,0,'2013-04-11 01:16:01','2021-05-21 22:29:23'),(19,21,0,0,1,0,0,0,0,'2011-09-02 17:03:42','2021-05-21 22:29:23'),(20,33,0,1,0,0,0,0,0,'2017-04-19 00:50:44','2021-05-21 22:29:23'),(22,65,0,0,0,0,1,0,0,'2017-06-27 00:26:56','2021-05-21 22:29:23'),(27,22,0,0,0,1,0,0,0,'2017-06-23 09:47:25','2021-05-21 22:29:23'),(28,55,0,1,0,0,0,0,0,'2015-07-28 23:43:14','2021-05-21 22:29:23'),(29,41,1,0,0,0,0,0,0,'2018-06-22 23:23:01','2021-05-21 22:29:23'),(30,92,0,0,1,0,0,0,0,'2018-02-04 16:22:17','2021-05-21 22:29:24'),(32,60,0,0,1,0,0,0,0,'2011-12-28 21:14:06','2021-05-21 22:29:24'),(33,10,0,0,0,1,0,0,0,'2011-11-25 22:47:14','2021-05-21 22:29:24'),(34,91,0,0,0,1,0,0,0,'2014-12-27 09:19:57','2021-05-21 22:29:24'),(35,57,0,1,0,0,0,0,0,'2013-10-07 09:07:57','2021-05-21 22:29:24'),(36,31,0,0,0,0,0,1,0,'2011-06-21 12:33:21','2021-05-21 22:29:24'),(37,45,0,0,0,0,0,1,0,'2017-09-29 22:52:05','2021-05-21 22:29:24'),(40,90,0,0,0,0,0,0,1,'2016-03-03 16:07:01','2021-05-21 22:29:24'),(41,10,0,0,0,0,1,0,0,'2015-12-11 01:42:30','2021-05-21 22:29:24'),(42,8,0,0,0,1,0,0,0,'2015-10-17 10:41:51','2021-05-21 22:29:24'),(44,51,0,0,0,0,1,0,0,'2020-04-15 21:47:58','2021-05-21 22:29:24'),(45,38,0,0,0,0,1,0,0,'2013-12-12 23:28:49','2021-05-21 22:29:24'),(47,65,0,1,0,0,0,0,0,'2020-06-21 08:11:42','2021-05-21 22:29:24'),(49,75,1,0,0,0,0,0,0,'2018-01-03 05:29:25','2021-05-21 22:29:24'),(50,2,1,0,0,0,0,0,0,'2013-06-06 18:00:05','2021-05-21 22:29:24'),(51,8,0,1,0,0,0,0,0,'2017-09-08 07:47:59','2021-05-21 22:29:24'),(53,6,0,0,0,0,0,1,0,'2020-03-29 13:13:45','2021-05-21 22:29:24'),(54,30,0,0,0,0,1,0,0,'2017-06-26 02:03:35','2021-05-21 22:29:24'),(60,26,0,0,0,0,0,0,1,'2018-06-06 02:14:17','2021-05-21 22:29:25'),(61,44,0,1,0,0,0,0,0,'2015-03-23 12:15:04','2021-05-21 22:29:25'),(62,57,1,0,0,0,0,0,0,'2015-12-06 12:44:24','2021-05-21 22:29:25'),(63,54,0,0,0,1,0,0,0,'2012-03-21 11:27:44','2021-05-21 22:29:25'),(65,51,0,0,1,0,0,0,0,'2019-01-26 13:46:13','2021-05-21 22:29:25'),(67,88,0,1,0,0,0,0,0,'2020-03-09 10:22:26','2021-05-21 22:29:25'),(68,97,0,0,0,0,1,0,0,'2016-10-31 12:15:44','2021-05-21 22:29:25'),(69,34,0,0,0,0,0,1,0,'2013-12-05 01:20:35','2021-05-21 22:29:25'),(70,99,0,0,0,0,0,0,1,'2011-08-12 00:43:23','2021-05-21 22:29:25'),(71,77,0,0,0,1,0,0,0,'2015-07-05 17:10:06','2021-05-21 22:29:25'),(72,46,0,1,0,0,0,0,0,'2020-08-18 22:38:36','2021-05-21 22:29:25'),(73,7,1,0,0,0,0,0,0,'2020-08-28 22:00:21','2021-05-21 22:29:25'),(74,41,0,0,1,0,0,0,0,'2016-09-03 01:31:59','2021-05-21 22:29:25'),(76,36,0,0,0,0,1,0,0,'2017-09-29 22:15:43','2021-05-21 22:29:25'),(78,35,0,0,0,0,0,1,0,'2012-04-26 10:00:17','2021-05-21 22:29:25'),(80,65,0,0,0,0,1,0,0,'2014-12-06 08:36:58','2021-05-21 22:29:25'),(82,89,0,0,0,0,0,0,1,'2016-07-21 09:05:38','2021-05-21 22:29:25'),(85,29,0,0,0,1,0,0,0,'2019-10-30 18:02:43','2021-05-21 22:29:25'),(86,31,0,1,0,0,0,0,0,'2019-10-30 09:45:30','2021-05-21 22:29:25'),(87,37,1,0,0,0,0,0,0,'2018-04-26 13:02:18','2021-05-21 22:29:26'),(88,31,0,0,1,0,0,0,0,'2020-10-31 22:21:27','2021-05-21 22:29:26'),(90,48,0,0,0,1,0,0,0,'2017-04-29 03:15:40','2021-05-21 22:29:26'),(91,32,0,0,0,0,0,1,0,'2016-07-02 21:27:37','2021-05-21 22:29:26'),(94,8,0,0,0,1,0,0,0,'2014-12-17 05:48:09','2021-05-21 22:29:26'),(95,13,0,1,0,0,0,0,0,'2021-01-11 17:06:31','2021-05-21 22:29:26'),(96,5,0,0,1,0,0,0,0,'2013-06-29 21:50:23','2021-05-21 22:29:26'),(97,42,0,0,0,0,0,1,0,'2011-07-24 13:27:00','2021-05-21 22:29:26'),(98,86,1,0,0,0,0,0,0,'2011-10-05 02:15:42','2021-05-21 22:29:26');
/*!40000 ALTER TABLE `delivery_schedule` ENABLE KEYS */;
UNLOCK TABLES;

--
-- Table structure for table `feature`
--

DROP TABLE IF EXISTS `feature`;
/*!40101 SET @saved_cs_client     = @@character_set_client */;
/*!50503 SET character_set_client = utf8mb4 */;
CREATE TABLE `feature` (
  `product_id` int unsigned NOT NULL COMMENT 'ID товара => products.id',
  `name` varchar(255) CHARACTER SET utf8mb4 COLLATE utf8mb4_unicode_ci NOT NULL COMMENT 'Название свойства',
  `value` varchar(255) CHARACTER SET utf8mb4 COLLATE utf8mb4_unicode_ci NOT NULL COMMENT 'Значение свойства',
  `unit` varchar(30) CHARACTER SET utf8mb4 COLLATE utf8mb4_unicode_ci DEFAULT NULL COMMENT 'Единица измерения',
  `created_at` datetime DEFAULT CURRENT_TIMESTAMP,
  `updated_at` datetime DEFAULT CURRENT_TIMESTAMP ON UPDATE CURRENT_TIMESTAMP,
  PRIMARY KEY (`product_id`),
  CONSTRAINT `feature_product_id_fk` FOREIGN KEY (`product_id`) REFERENCES `products` (`id`)
) ENGINE=InnoDB DEFAULT CHARSET=utf8mb4 COLLATE=utf8mb4_unicode_ci COMMENT='Свойства товаров';
/*!40101 SET character_set_client = @saved_cs_client */;

--
-- Dumping data for table `feature`
--

LOCK TABLES `feature` WRITE;
/*!40000 ALTER TABLE `feature` DISABLE KEYS */;
INSERT INTO `feature` VALUES (1,'vel','soluta','deleniti','2015-02-18 08:19:00','2015-10-06 00:31:12'),(2,'dolores','id','alias','2020-04-23 15:41:09','2021-05-21 22:30:51'),(3,'ad','reiciendis','tempore','2021-01-20 06:31:28','2021-05-21 22:30:51'),(4,'sed','quod','ab','2011-07-01 16:31:46','2017-10-22 17:19:57'),(5,'reiciendis','ut','iusto','2019-02-18 09:01:35','2021-05-21 22:30:51'),(6,'iure','beatae','blanditiis','2019-05-11 21:33:46','2021-05-21 22:30:51'),(7,'saepe','magni','impedit','2016-08-07 08:55:04','2021-05-21 22:30:51'),(8,'quis','ullam','consequatur','2017-05-14 10:58:13','2019-03-22 03:27:19'),(9,'vel','iusto','sint','2018-07-31 19:04:07','2020-08-25 08:29:38'),(10,'est','quas','eos','2021-01-20 18:52:42','2021-05-21 22:30:51'),(11,'earum','aliquam','consequatur','2016-12-02 01:08:51','2021-05-21 22:30:51'),(12,'libero','impedit','rerum','2011-11-24 04:58:56','2014-03-29 09:06:18'),(13,'labore','placeat','nemo','2018-02-04 17:56:13','2021-05-21 22:30:51'),(14,'optio','dolores','aut','2015-07-20 01:12:43','2015-12-15 01:07:14'),(15,'nihil','ut','velit','2013-11-21 04:04:41','2021-05-21 22:30:51'),(16,'aut','ab','officia','2020-01-15 10:14:29','2021-05-21 22:30:51'),(17,'praesentium','amet','nihil','2015-12-25 17:05:01','2021-05-21 22:30:51'),(18,'quia','error','quis','2013-08-19 11:45:00','2015-04-23 12:21:53'),(19,'eius','ipsum','nisi','2015-06-10 20:37:45','2020-01-25 08:19:28'),(20,'ex','eum','aperiam','2013-03-23 06:34:38','2019-05-16 15:51:53'),(21,'dolorem','illum','qui','2020-06-06 01:55:12','2021-05-21 22:30:51'),(22,'amet','excepturi','ut','2020-11-16 09:00:18','2021-05-21 22:30:51'),(23,'sapiente','quasi','assumenda','2020-08-25 16:11:52','2021-05-21 22:30:51'),(24,'ut','perferendis','magni','2014-04-13 09:30:00','2014-06-21 20:10:53'),(25,'odio','assumenda','aut','2021-01-06 07:57:06','2021-05-21 22:30:51'),(26,'impedit','nihil','consequuntur','2019-02-02 17:13:53','2021-05-21 22:30:51'),(27,'provident','dolores','ab','2014-04-04 11:50:26','2014-06-30 23:31:23'),(28,'optio','illum','aut','2020-06-22 22:51:34','2021-05-21 22:30:51'),(29,'eum','odio','perferendis','2012-12-07 20:52:32','2016-09-19 05:37:17'),(30,'molestiae','eos','accusantium','2015-03-29 03:56:15','2021-05-21 22:30:51'),(31,'accusamus','asperiores','veritatis','2013-04-13 20:11:29','2021-05-21 22:30:51'),(32,'eligendi','corrupti','dolores','2020-04-29 09:29:05','2021-05-21 22:30:51'),(33,'consequatur','rerum','ut','2013-04-06 23:09:51','2013-07-19 00:20:24'),(34,'voluptas','deserunt','delectus','2016-07-23 03:04:57','2021-05-21 22:30:51'),(35,'aut','repellendus','sit','2013-10-11 02:21:00','2020-03-26 05:40:27'),(36,'aut','qui','expedita','2014-04-26 02:04:05','2021-05-21 22:30:51'),(37,'soluta','numquam','quam','2012-05-14 16:10:05','2020-07-24 04:07:26'),(38,'eveniet','autem','ad','2014-04-20 08:02:19','2021-05-21 22:30:51'),(39,'error','quia','qui','2019-07-23 17:36:09','2021-05-21 22:30:51'),(40,'assumenda','fuga','dignissimos','2017-12-12 00:56:05','2021-02-03 08:25:40'),(41,'et','occaecati','qui','2017-11-14 01:21:11','2021-05-21 22:30:51'),(42,'ducimus','est','fuga','2021-04-25 05:30:36','2021-05-21 22:30:51'),(43,'dolores','voluptates','est','2013-10-29 10:45:22','2018-12-11 23:01:43'),(44,'et','quam','recusandae','2012-10-17 15:05:29','2018-08-27 00:26:13'),(45,'sit','amet','et','2019-06-06 02:59:04','2021-05-21 22:30:51'),(46,'dolores','iure','atque','2019-06-03 01:39:13','2020-07-08 06:19:37'),(47,'odit','mollitia','nobis','2012-08-27 06:06:55','2014-12-28 16:11:50'),(48,'consectetur','quo','voluptas','2014-01-15 07:04:25','2016-12-11 06:04:20'),(49,'natus','quam','itaque','2017-05-23 04:16:26','2018-08-04 00:51:17'),(50,'explicabo','et','nemo','2012-04-24 16:01:31','2012-06-03 06:37:57'),(51,'maxime','eveniet','reiciendis','2021-04-21 02:33:24','2021-05-21 22:30:51'),(52,'blanditiis','qui','est','2018-12-21 22:03:52','2020-08-18 10:02:33'),(53,'quis','velit','architecto','2019-09-06 10:57:30','2021-05-21 22:30:51'),(54,'ea','sequi','placeat','2014-01-24 04:41:07','2017-04-16 15:42:01'),(55,'odit','ut','fuga','2013-05-15 23:03:22','2015-11-15 00:34:44'),(56,'laboriosam','non','repellendus','2020-08-17 21:33:35','2021-05-21 22:30:51'),(57,'temporibus','tempora','soluta','2011-12-22 21:11:58','2012-11-04 04:27:41'),(58,'suscipit','iusto','et','2016-06-21 09:42:58','2021-05-21 22:30:51'),(59,'sunt','quo','saepe','2016-06-09 10:50:38','2020-02-05 15:31:55'),(60,'aut','neque','reprehenderit','2020-03-06 07:11:10','2021-05-21 22:30:51'),(61,'repellendus','sequi','quaerat','2016-03-08 09:21:39','2021-05-21 22:30:51'),(62,'eum','blanditiis','veritatis','2017-09-13 20:37:08','2021-05-21 22:30:51'),(63,'et','temporibus','vel','2021-02-17 20:09:50','2021-05-21 22:30:51'),(64,'deleniti','et','impedit','2012-08-03 19:43:21','2018-04-25 04:46:55'),(65,'earum','vero','enim','2016-05-26 10:26:48','2021-01-28 20:43:20'),(66,'voluptate','veritatis','ut','2015-08-15 17:41:17','2016-07-05 00:33:41'),(67,'ipsum','est','laudantium','2019-03-29 08:34:53','2021-05-12 11:02:27'),(68,'eos','qui','sit','2012-05-17 12:06:01','2018-06-16 17:26:20'),(69,'ut','quo','omnis','2019-04-21 20:52:09','2021-05-21 22:30:51'),(70,'eos','consectetur','ipsa','2016-07-10 07:58:14','2021-05-21 22:30:51'),(71,'alias','optio','sed','2019-11-03 13:40:59','2021-05-21 22:30:51'),(72,'eligendi','repellendus','eius','2019-01-26 02:24:04','2021-05-21 22:30:51'),(73,'pariatur','aut','dolores','2012-11-09 12:53:07','2013-02-19 10:30:36'),(74,'delectus','consequuntur','earum','2013-08-14 14:02:41','2014-07-20 13:08:49'),(75,'doloremque','atque','aut','2018-06-30 03:00:24','2021-05-21 22:30:51'),(76,'ipsa','amet','quam','2019-05-27 01:59:15','2021-05-21 22:30:51'),(77,'totam','id','velit','2018-07-18 22:14:02','2021-05-21 22:30:51'),(78,'qui','nostrum','laboriosam','2011-08-14 00:42:14','2016-02-07 19:29:41'),(79,'et','laboriosam','nam','2012-03-08 04:55:07','2017-12-11 13:56:08'),(80,'illo','aut','ut','2019-11-22 18:58:36','2021-05-21 22:30:51'),(81,'nihil','omnis','necessitatibus','2015-12-14 05:03:47','2021-05-21 22:30:51'),(82,'beatae','aut','alias','2014-03-17 22:38:49','2021-05-21 22:30:51'),(83,'nulla','eligendi','odit','2015-09-23 17:10:34','2021-02-01 08:52:11'),(84,'quas','magni','commodi','2016-11-21 16:02:19','2017-10-13 22:19:42'),(85,'exercitationem','nihil','tempora','2014-05-04 04:00:58','2018-02-23 01:33:41'),(86,'voluptas','voluptates','omnis','2015-11-03 06:04:22','2017-01-26 17:12:49'),(87,'distinctio','ex','quibusdam','2020-11-26 17:39:37','2021-05-21 22:30:51'),(88,'necessitatibus','sit','et','2019-05-10 17:13:10','2020-08-24 22:13:39'),(89,'tempora','accusamus','qui','2016-03-04 07:20:27','2021-05-21 22:30:51'),(90,'consequuntur','qui','sunt','2017-10-26 00:14:29','2021-05-21 22:30:51'),(91,'ratione','veniam','impedit','2015-07-25 22:50:01','2021-05-21 22:30:51'),(92,'quis','a','praesentium','2013-02-06 02:12:33','2015-10-25 22:32:46'),(93,'est','pariatur','autem','2012-05-27 17:52:54','2018-12-11 03:45:11'),(94,'error','dolores','officia','2017-04-20 02:42:48','2021-05-21 22:30:51'),(95,'vitae','sunt','corrupti','2012-03-01 06:43:41','2016-06-11 09:52:21'),(96,'expedita','qui','molestias','2014-07-20 16:54:38','2017-11-03 10:06:19'),(97,'autem','assumenda','architecto','2012-10-24 23:04:57','2021-05-21 22:30:51'),(98,'sint','labore','dolorem','2012-07-24 14:30:54','2020-01-02 00:52:10'),(99,'at','veniam','nihil','2015-02-20 19:19:40','2016-04-25 14:26:34'),(100,'debitis','ea','et','2013-07-14 06:55:10','2017-09-11 10:06:04');
/*!40000 ALTER TABLE `feature` ENABLE KEYS */;
UNLOCK TABLES;

--
-- Table structure for table `gallery`
--

DROP TABLE IF EXISTS `gallery`;
/*!40101 SET @saved_cs_client     = @@character_set_client */;
/*!50503 SET character_set_client = utf8mb4 */;
CREATE TABLE `gallery` (
  `id` int unsigned NOT NULL AUTO_INCREMENT,
  `image_url` varchar(255) NOT NULL COMMENT 'Название бренда',
  `created_at` datetime DEFAULT CURRENT_TIMESTAMP,
  `updated_at` datetime DEFAULT CURRENT_TIMESTAMP ON UPDATE CURRENT_TIMESTAMP,
  PRIMARY KEY (`id`)
) ENGINE=InnoDB AUTO_INCREMENT=101 DEFAULT CHARSET=utf8mb4 COLLATE=utf8mb4_0900_ai_ci COMMENT='Галерея изображений';
/*!40101 SET character_set_client = @saved_cs_client */;

--
-- Dumping data for table `gallery`
--

LOCK TABLES `gallery` WRITE;
/*!40000 ALTER TABLE `gallery` DISABLE KEYS */;
INSERT INTO `gallery` VALUES (1,'http:dropbox.net/vk/Nesciunt aut et voluptatem.','2016-07-07 20:43:28','2021-05-21 22:32:01'),(2,'http:dropbox.net/vk/Rem sapiente eum impedit.','2017-04-12 03:16:20','2021-05-21 22:32:01'),(3,'http:dropbox.net/vk/Aperiam est est id hic sed.','2014-05-08 02:45:11','2021-05-21 22:32:01'),(4,'http:dropbox.net/vk/Numquam eius nesciunt aut.','2016-02-23 12:11:15','2021-05-21 22:32:01'),(5,'http:dropbox.net/vk/Illum fuga et et molestiae.','2019-12-22 04:34:11','2021-05-21 22:32:01'),(6,'http:dropbox.net/vk/Dolorem id itaque ullam.','2017-06-03 04:47:22','2021-05-21 22:32:01'),(7,'http:dropbox.net/vk/Tempore officiis porro sed.','2020-01-30 19:54:35','2021-05-21 22:32:01'),(8,'http:dropbox.net/vk/Ut qui sint voluptatem fugit.','2017-11-28 10:59:28','2021-05-21 22:32:01'),(9,'http:dropbox.net/vk/Aliquid labore ea officia.','2016-03-24 04:38:54','2021-05-21 22:32:01'),(10,'http:dropbox.net/vk/Vitae et eum in.','2016-08-28 18:28:06','2021-05-21 22:32:01'),(11,'http:dropbox.net/vk/Et natus soluta cumque.','2015-07-29 10:07:07','2021-05-21 22:32:01'),(12,'http:dropbox.net/vk/Esse iste sit dolorem.','2017-05-06 06:36:36','2021-05-21 22:32:01'),(13,'http:dropbox.net/vk/Dolor magni minus sint et ut.','2013-08-15 12:23:40','2021-05-21 22:32:01'),(14,'http:dropbox.net/vk/Numquam quo ab possimus iste.','2020-02-03 07:38:28','2021-05-21 22:32:01'),(15,'http:dropbox.net/vk/Corporis illo quas commodi.','2013-01-04 00:27:54','2021-05-21 22:32:01'),(16,'http:dropbox.net/vk/Est sit at voluptatem.','2019-12-04 05:50:38','2021-05-21 22:32:01'),(17,'http:dropbox.net/vk/Sed aut a eum qui quibusdam.','2019-09-03 16:21:25','2021-05-21 22:32:01'),(18,'http:dropbox.net/vk/Reprehenderit vero aut sed.','2019-03-11 15:21:08','2021-05-21 22:32:01'),(19,'http:dropbox.net/vk/Fuga nobis vel pariatur eum.','2016-06-06 04:33:07','2021-05-21 22:32:01'),(20,'http:dropbox.net/vk/Dolores ut quam omnis minima.','2018-11-01 20:39:16','2021-05-21 22:32:01'),(21,'http:dropbox.net/vk/Sit velit quo eius earum.','2015-03-17 02:11:10','2021-05-21 22:32:01'),(22,'http:dropbox.net/vk/Et deleniti vel at.','2020-09-12 13:03:14','2021-05-21 22:32:01'),(23,'http:dropbox.net/vk/Enim ad voluptas unde amet.','2011-11-03 20:13:53','2021-05-21 22:32:01'),(24,'http:dropbox.net/vk/Et sit sed tenetur placeat.','2014-09-01 13:16:01','2021-05-21 22:32:01'),(25,'http:dropbox.net/vk/Sint nulla autem consectetur.','2019-03-05 01:38:01','2021-05-21 22:32:01'),(26,'http:dropbox.net/vk/Et voluptas nihil vitae.','2015-12-20 14:09:18','2021-05-21 22:32:01'),(27,'http:dropbox.net/vk/Eaque modi sit quasi non.','2019-02-26 18:11:20','2021-05-21 22:32:01'),(28,'http:dropbox.net/vk/Neque fugit autem aut eum.','2012-06-20 06:08:58','2021-05-21 22:32:01'),(29,'http:dropbox.net/vk/Minus id perferendis nihil.','2014-04-06 12:20:15','2021-05-21 22:32:01'),(30,'http:dropbox.net/vk/Sed pariatur minus qui optio.','2018-01-07 12:08:17','2021-05-21 22:32:01'),(31,'http:dropbox.net/vk/Et sunt minus corporis.','2013-09-10 02:30:40','2021-05-21 22:32:01'),(32,'http:dropbox.net/vk/Qui eaque quia suscipit.','2021-02-25 07:46:48','2021-05-21 22:32:01'),(33,'http:dropbox.net/vk/Aut et quos quas qui.','2019-01-03 09:46:31','2021-05-21 22:32:01'),(34,'http:dropbox.net/vk/Iure animi sed quia.','2012-04-22 02:35:11','2021-05-21 22:32:01'),(35,'http:dropbox.net/vk/Libero eos voluptatem velit.','2021-02-11 02:42:32','2021-05-21 22:32:01'),(36,'http:dropbox.net/vk/Ut eius repellat quo et.','2013-07-13 01:43:00','2021-05-21 22:32:01'),(37,'http:dropbox.net/vk/Voluptas ex soluta odit.','2018-04-29 17:05:47','2021-05-21 22:32:01'),(38,'http:dropbox.net/vk/Cupiditate aut dolorum ut.','2021-04-21 12:31:02','2021-05-21 22:32:01'),(39,'http:dropbox.net/vk/Eos ab sit asperiores vel ab.','2018-10-07 01:59:53','2021-05-21 22:32:01'),(40,'http:dropbox.net/vk/Quia id recusandae dicta.','2020-01-16 09:21:33','2021-05-21 22:32:01'),(41,'http:dropbox.net/vk/Est ut culpa natus.','2013-10-25 10:40:34','2021-05-21 22:32:01'),(42,'http:dropbox.net/vk/Quo dicta quasi non enim.','2018-07-06 08:01:04','2021-05-21 22:32:01'),(43,'http:dropbox.net/vk/Eligendi aut atque enim amet.','2019-08-17 18:42:39','2021-05-21 22:32:01'),(44,'http:dropbox.net/vk/Recusandae et eveniet est.','2017-01-06 21:28:28','2021-05-21 22:32:01'),(45,'http:dropbox.net/vk/Repellat sit sint maxime qui.','2021-04-09 21:59:17','2021-05-21 22:32:01'),(46,'http:dropbox.net/vk/Ullam velit nisi at.','2013-03-05 15:51:58','2021-05-21 22:32:01'),(47,'http:dropbox.net/vk/Qui veniam voluptatibus amet.','2016-10-04 03:37:20','2021-05-21 22:32:01'),(48,'http:dropbox.net/vk/Aut beatae harum et dolorem.','2016-08-04 05:44:24','2021-05-21 22:32:01'),(49,'http:dropbox.net/vk/Culpa qui et error sequi.','2013-09-04 19:51:49','2021-05-21 22:32:01'),(50,'http:dropbox.net/vk/Aut ut qui est sit.','2017-01-26 08:05:59','2021-05-21 22:32:01'),(51,'http:dropbox.net/vk/Quia distinctio odio et.','2015-09-22 14:09:28','2021-05-21 22:32:01'),(52,'http:dropbox.net/vk/Sit explicabo iure qui illo.','2019-09-30 22:38:12','2021-05-21 22:32:01'),(53,'http:dropbox.net/vk/Soluta corporis dolor error.','2013-01-01 12:48:28','2021-05-21 22:32:01'),(54,'http:dropbox.net/vk/Magnam ut sit a omnis hic.','2011-10-06 15:45:46','2021-05-21 22:32:01'),(55,'http:dropbox.net/vk/Occaecati unde aut itaque id.','2019-04-22 02:27:41','2021-05-21 22:32:01'),(56,'http:dropbox.net/vk/Aut autem nulla dolores.','2016-06-19 06:09:35','2021-05-21 22:32:01'),(57,'http:dropbox.net/vk/Facere doloribus ipsam sunt.','2014-01-14 07:24:02','2021-05-21 22:32:01'),(58,'http:dropbox.net/vk/Ipsa et est voluptas ipsa.','2019-03-13 03:32:04','2021-05-21 22:32:01'),(59,'http:dropbox.net/vk/Amet veniam inventore ipsum.','2017-02-28 19:13:57','2021-05-21 22:32:01'),(60,'http:dropbox.net/vk/Ipsum tenetur id omnis velit.','2011-05-21 20:44:14','2021-05-21 22:32:01'),(61,'http:dropbox.net/vk/Dolore debitis numquam quos.','2017-02-23 18:19:42','2021-05-21 22:32:01'),(62,'http:dropbox.net/vk/Ullam qui sit aut enim.','2016-03-20 17:35:38','2021-05-21 22:32:01'),(63,'http:dropbox.net/vk/Ut corrupti at quasi.','2012-01-31 21:57:13','2021-05-21 22:32:01'),(64,'http:dropbox.net/vk/Qui ex vel velit sapiente.','2019-12-07 14:36:46','2021-05-21 22:32:01'),(65,'http:dropbox.net/vk/Et beatae neque quia nostrum.','2019-01-27 13:33:56','2021-05-21 22:32:01'),(66,'http:dropbox.net/vk/Possimus dolor earum officia.','2016-10-28 15:25:49','2021-05-21 22:32:01'),(67,'http:dropbox.net/vk/At ea voluptate saepe qui.','2011-10-22 02:40:40','2021-05-21 22:32:01'),(68,'http:dropbox.net/vk/Sunt sit facilis ex.','2012-11-27 07:37:49','2021-05-21 22:32:01'),(69,'http:dropbox.net/vk/Labore eos hic dolores eaque.','2016-07-03 17:31:56','2021-05-21 22:32:01'),(70,'http:dropbox.net/vk/Rerum libero et iusto et eos.','2021-01-15 09:47:03','2021-05-21 22:32:01'),(71,'http:dropbox.net/vk/Enim dolorem et quaerat.','2021-04-23 06:11:51','2021-05-21 22:32:01'),(72,'http:dropbox.net/vk/Itaque voluptas velit modi.','2015-11-30 01:05:51','2021-05-21 22:32:01'),(73,'http:dropbox.net/vk/Eum natus eius et.','2014-06-20 05:08:28','2021-05-21 22:32:01'),(74,'http:dropbox.net/vk/Aut vel rerum voluptas.','2020-03-30 22:26:47','2021-05-21 22:32:01'),(75,'http:dropbox.net/vk/Quia vitae iusto et.','2016-09-28 12:41:06','2021-05-21 22:32:01'),(76,'http:dropbox.net/vk/Vel et dolorem in.','2017-08-07 19:18:04','2021-05-21 22:32:01'),(77,'http:dropbox.net/vk/Beatae est est minus.','2019-01-12 01:56:22','2021-05-21 22:32:01'),(78,'http:dropbox.net/vk/Nisi eius ut eum debitis.','2016-12-15 08:08:54','2021-05-21 22:32:01'),(79,'http:dropbox.net/vk/Animi voluptas aut quam et.','2015-07-25 17:01:38','2021-05-21 22:32:01'),(80,'http:dropbox.net/vk/Quia nam velit ut facilis.','2012-08-07 00:11:51','2021-05-21 22:32:01'),(81,'http:dropbox.net/vk/Magni eum doloremque in sit.','2019-10-23 03:24:58','2021-05-21 22:32:01'),(82,'http:dropbox.net/vk/Ab enim optio laboriosam eum.','2019-07-09 19:10:22','2021-05-21 22:32:01'),(83,'http:dropbox.net/vk/Enim enim nisi magni.','2013-09-11 17:57:39','2021-05-21 22:32:01'),(84,'http:dropbox.net/vk/Fuga aliquam ipsa vero sint.','2015-02-22 11:15:44','2021-05-21 22:32:01'),(85,'http:dropbox.net/vk/Sint iusto eum minus officia.','2020-02-13 08:21:27','2021-05-21 22:32:01'),(86,'http:dropbox.net/vk/Hic enim id est nisi quaerat.','2015-02-24 15:50:40','2021-05-21 22:32:01'),(87,'http:dropbox.net/vk/Et ea unde et totam repellat.','2014-08-06 23:33:08','2021-05-21 22:32:01'),(88,'http:dropbox.net/vk/Sunt consequatur ad nisi.','2013-07-03 21:22:17','2021-05-21 22:32:01'),(89,'http:dropbox.net/vk/Atque facilis et ab pariatur.','2016-04-18 15:47:00','2021-05-21 22:32:01'),(90,'http:dropbox.net/vk/Quas fugit repellat et.','2019-11-09 12:41:04','2021-05-21 22:32:01'),(91,'http:dropbox.net/vk/Et qui unde cum repudiandae.','2018-10-24 08:20:17','2021-05-21 22:32:01'),(92,'http:dropbox.net/vk/Et sapiente eligendi quae in.','2014-10-10 12:01:41','2021-05-21 22:32:01'),(93,'http:dropbox.net/vk/Omnis quia eveniet earum.','2016-01-05 09:55:58','2021-05-21 22:32:01'),(94,'http:dropbox.net/vk/At sint quia ea eligendi.','2018-10-27 04:09:18','2021-05-21 22:32:01'),(95,'http:dropbox.net/vk/Et non illum ad nostrum.','2016-07-07 11:48:01','2021-05-21 22:32:01'),(96,'http:dropbox.net/vk/Eos dolore fugit modi eos.','2012-03-12 01:59:28','2021-05-21 22:32:01'),(97,'http:dropbox.net/vk/Eum labore magnam dolor quos.','2014-04-18 12:16:04','2021-05-21 22:32:01'),(98,'http:dropbox.net/vk/Ratione unde eligendi dolore.','2013-11-09 23:23:52','2021-05-21 22:32:01'),(99,'http:dropbox.net/vk/Sunt consequatur dolor et ut.','2012-03-09 19:10:11','2021-05-21 22:32:01'),(100,'http:dropbox.net/vk/Sed tempore et ut.','2014-09-12 21:47:01','2021-05-21 22:32:01');
/*!40000 ALTER TABLE `gallery` ENABLE KEYS */;
UNLOCK TABLES;

--
-- Table structure for table `managers`
--

DROP TABLE IF EXISTS `managers`;
/*!40101 SET @saved_cs_client     = @@character_set_client */;
/*!50503 SET character_set_client = utf8mb4 */;
CREATE TABLE `managers` (
  `id` int unsigned NOT NULL AUTO_INCREMENT,
  `first_name` varchar(255) CHARACTER SET utf8mb4 COLLATE utf8mb4_unicode_ci NOT NULL COMMENT 'Имя менеджера',
  `last_name` varchar(255) CHARACTER SET utf8mb4 COLLATE utf8mb4_unicode_ci NOT NULL COMMENT 'Фамилия менеджера',
  `phone` varchar(16) CHARACTER SET utf8mb4 COLLATE utf8mb4_unicode_ci NOT NULL COMMENT 'Номер телефона в формате +79991234567',
  `email` varchar(120) CHARACTER SET utf8mb4 COLLATE utf8mb4_unicode_ci NOT NULL COMMENT 'Адрес электронной почты',
  `updated_at` datetime DEFAULT CURRENT_TIMESTAMP ON UPDATE CURRENT_TIMESTAMP,
  PRIMARY KEY (`id`),
  UNIQUE KEY `phone` (`phone`),
  UNIQUE KEY `email` (`email`),
  KEY `managers_first_name_last_name_idx` (`first_name`,`last_name`) COMMENT 'Поиск по менеджеров, используют часто по имени и фамилии, поэтому создал индекс.'
) ENGINE=InnoDB AUTO_INCREMENT=101 DEFAULT CHARSET=utf8mb4 COLLATE=utf8mb4_unicode_ci COMMENT='Таблица менеджеров';
/*!40101 SET character_set_client = @saved_cs_client */;

--
-- Dumping data for table `managers`
--

LOCK TABLES `managers` WRITE;
/*!40000 ALTER TABLE `managers` DISABLE KEYS */;
INSERT INTO `managers` VALUES (1,'Tamara','Kiehn','542.256.8007x433','jacobs.lewis@example.com','2019-10-24 03:55:59'),(2,'Brad','Nicolas','108.303.7756','king74@example.org','2019-02-13 06:25:09'),(3,'Marge','Gibson','587-758-6433x417','zgerhold@example.org','2013-02-05 08:12:41'),(4,'Eldora','Legros','493.329.7736','elynch@example.com','2016-11-16 18:43:33'),(5,'Prince','Nader','1-043-550-8233','margarete.baumbach@example.org','2018-11-29 07:24:05'),(6,'Ramon','Flatley','(221)712-3164x29','sheila.ruecker@example.org','2018-02-07 07:45:28'),(7,'Dangelo','Hilpert','751.491.8482','alisha.schoen@example.com','2016-03-23 04:38:20'),(8,'Lulu','Crooks','763-349-8634x191','sydney88@example.net','2020-08-04 04:11:45'),(9,'Lora','Vandervort','+32(6)6093511545','cdeckow@example.org','2021-03-27 07:47:38'),(10,'Jarret','Yost','(470)843-6254x64','rroberts@example.org','2018-07-05 21:29:48'),(11,'Erick','Gibson','(060)161-0431','collins.eve@example.org','2012-09-19 13:18:58'),(12,'Heidi','Senger','703.985.2696x256','sincere28@example.net','2019-01-10 15:37:41'),(13,'Tiffany','Effertz','02879664003','hunter32@example.com','2016-07-04 01:14:33'),(14,'Lorenzo','Kreiger','756.283.2852x290','hansen.sandrine@example.net','2015-03-09 08:18:31'),(15,'Alejandrin','Buckridge','1-987-760-4784x0','kmurray@example.net','2015-06-23 08:28:16'),(16,'Asha','Kshlerin','+44(6)2077829475','mgerlach@example.net','2018-08-17 21:39:26'),(17,'Katarina','Wilkinson','(225)219-2809x28','olen84@example.com','2016-03-27 19:03:18'),(18,'Nash','Kunde','842-120-2673x750','amy72@example.net','2013-02-01 11:19:18'),(19,'Christian','Konopelski','798-120-9595','jacinto.schroeder@example.com','2017-02-23 19:18:15'),(20,'Jason','Kuhn','+76(8)4269282733','gabriel17@example.net','2012-12-22 04:14:35'),(21,'Delia','Doyle','257.327.5577','gschmidt@example.net','2011-11-16 21:38:57'),(22,'Amelie','Kuhlman','202-567-1829x699','mya.goyette@example.com','2018-04-07 01:16:25'),(23,'Jamar','Pfeffer','040-187-9416x919','jaqueline.barton@example.net','2019-02-05 09:37:51'),(24,'Destany','Hills','405-909-2944x574','hulda00@example.net','2019-07-08 03:49:13'),(25,'Muhammad','Durgan','137-902-2277x484','holden27@example.net','2014-01-27 15:44:04'),(26,'Gillian','Kub','(302)669-4633x40','nick.turcotte@example.net','2016-02-05 14:45:31'),(27,'Mozelle','Runolfsdottir','(129)665-6546x16','lbashirian@example.net','2013-09-09 23:35:28'),(28,'Ariane','Turner','+28(9)2111241978','rowena.leffler@example.net','2020-11-30 17:27:03'),(29,'Zane','Mueller','1-235-685-1121x7','douglas.waelchi@example.com','2013-04-27 08:32:32'),(30,'Myriam','Mante','460.994.8787x414','magnus.johnson@example.net','2014-04-03 19:52:51'),(31,'Mikel','Mueller','(823)676-8584','marlon.mcdermott@example.net','2016-05-15 06:46:53'),(32,'Delpha','Brown','939-295-3151x603','danial.rippin@example.org','2011-07-06 03:02:08'),(33,'London','Carroll','(879)455-5701x97','deonte84@example.org','2011-10-21 23:11:49'),(34,'Leatha','Paucek','814.662.0498x312','slynch@example.com','2014-04-09 03:02:12'),(35,'Melyna','Stroman','452-716-7611','michele66@example.net','2016-04-25 04:31:31'),(36,'Daniella','Torphy','1-640-690-1792x0','ihodkiewicz@example.com','2018-06-06 19:49:19'),(37,'Lauryn','Boyer','1-871-250-8994','lauretta.d\'amore@example.net','2013-11-25 00:44:49'),(38,'Percival','Stehr','944.506.2411x447','orville.padberg@example.com','2019-01-19 11:02:23'),(39,'Reagan','Kreiger','(560)005-1351','riley79@example.net','2019-02-05 13:06:00'),(40,'Anika','Zieme','07017704955','vella.kreiger@example.org','2016-11-25 20:32:27'),(41,'Brandon','Beatty','406.634.3129x758','gchamplin@example.net','2012-04-26 11:47:25'),(42,'Verla','Nienow','443.669.6357','kutch.rene@example.org','2019-12-06 12:35:21'),(43,'Geraldine','Sporer','1-995-540-6931x9','erdman.corene@example.net','2015-09-25 05:24:46'),(44,'Stephany','Bogan','453.422.7689x733','grace68@example.org','2012-02-05 12:24:33'),(45,'Meredith','Feeney','(532)192-8515x46','econnelly@example.com','2011-12-21 06:30:15'),(46,'Shemar','Walker','379-143-9304x668','esmeralda91@example.com','2013-05-16 14:41:53'),(47,'Molly','Weber','+36(1)7523221673','mcclure.judge@example.org','2015-01-12 04:06:47'),(48,'Dion','Walter','263-022-9138x674','fsatterfield@example.org','2013-08-24 16:39:44'),(49,'Adelbert','Kunze','09603756469','layla09@example.com','2020-07-13 01:51:20'),(50,'Clint','Raynor','556-668-5408','pacocha.kody@example.com','2018-05-15 20:27:15'),(51,'Danielle','Wolf','502.333.4594','xavier80@example.org','2012-12-10 03:37:36'),(52,'Ruben','Kirlin','177.716.3930x258','bahringer.sydnee@example.com','2013-11-19 01:50:29'),(53,'Alysha','Gerhold','(438)040-6672x31','johnson.davis@example.com','2015-08-20 09:16:29'),(54,'Kira','Stroman','448-855-7552x567','gerhard81@example.org','2015-05-17 13:09:51'),(55,'Antonina','Morar','(671)037-7545','nbruen@example.org','2021-01-14 14:35:49'),(56,'Tevin','Kuvalis','(747)397-0866x45','eve16@example.net','2021-05-13 10:07:07'),(57,'Noemie','Lind','228.285.5879x023','ylubowitz@example.net','2014-10-25 01:43:17'),(58,'Gerald','Yundt','452.454.9043','vbaumbach@example.org','2016-06-15 07:57:59'),(59,'Orrin','Kuhic','639-731-7192','rleffler@example.com','2016-01-21 01:48:40'),(60,'Audreanne','Friesen','(839)731-1166x33','padberg.melisa@example.org','2012-10-22 15:25:45'),(61,'Naomi','D\'Amore','557.083.6530x301','maiya98@example.net','2018-10-04 05:49:38'),(62,'Harmony','Rau','479-824-4044','shanahan.jaiden@example.net','2014-10-16 19:17:46'),(63,'Jesus','Corwin','202.494.8581x099','cayla73@example.com','2019-08-09 05:45:59'),(64,'Melvin','Quitzon','(859)531-2915x24','franz.cassin@example.com','2013-06-24 17:06:02'),(65,'Chloe','Bergnaum','420.470.0342','tharvey@example.org','2016-05-24 01:06:53'),(66,'Mervin','Hackett','00324354541','caroline.stiedemann@example.com','2018-11-21 07:23:21'),(67,'Kari','Schowalter','671-392-2800','idella.o\'keefe@example.net','2011-07-17 22:43:31'),(68,'Lilyan','Zboncak','03649941416','albina.zieme@example.org','2016-12-07 21:37:47'),(69,'Jovanny','Mann','002.966.0566','schimmel.pinkie@example.net','2021-05-17 20:46:42'),(70,'Tiffany','Herman','905.529.1694x516','mariam.barton@example.org','2019-03-04 00:02:55'),(71,'Ara','Lueilwitz','503-091-3281x228','israel87@example.net','2020-02-28 03:24:22'),(72,'Jefferey','Jacobs','1-200-895-6607','alison06@example.net','2015-04-25 05:49:37'),(73,'Lilyan','Jenkins','+88(8)1893213486','raynor.julius@example.net','2018-09-17 01:12:53'),(74,'Emory','Oberbrunner','1-304-203-1625','natalia.boyer@example.org','2011-09-11 04:53:48'),(75,'Crystel','Mitchell','(203)401-6361','thompson.urban@example.net','2019-11-12 09:43:38'),(76,'Ali','Rau','697.113.2507x114','sporer.catharine@example.com','2013-11-03 10:44:59'),(77,'Roma','DuBuque','(600)494-5661x24','smcdermott@example.org','2018-12-03 22:52:00'),(78,'Iliana','Murray','(824)461-5663','abby07@example.org','2013-09-18 20:18:19'),(79,'Esmeralda','Friesen','641-821-9571x026','ankunding.valentin@example.org','2021-01-15 07:32:39'),(80,'Julian','Little','769-060-1631x667','thiel.roscoe@example.net','2016-04-16 00:16:31'),(81,'Dillon','Lehner','(053)107-9548','dubuque.melisa@example.org','2021-04-24 01:25:37'),(82,'Shemar','Walker','102.647.5025x200','rhianna.stehr@example.org','2012-03-19 15:50:24'),(83,'Jamey','Cummings','974.430.9492','wallace.gorczany@example.net','2020-10-23 13:45:59'),(84,'Woodrow','Hintz','1-337-827-7340','squigley@example.net','2012-06-01 03:18:45'),(85,'Nia','Fisher','01886446604','tromp.jaren@example.org','2016-05-03 17:53:18'),(86,'Dasia','Monahan','127-545-2046x220','loyal.koelpin@example.org','2018-12-15 19:30:37'),(87,'Malvina','Hand','(590)959-0275','gking@example.org','2015-02-26 02:32:35'),(88,'Logan','Zieme','1-107-806-8518x6','krempel@example.org','2014-08-04 11:21:28'),(89,'Brycen','Feest','(673)897-5670x22','jettie.fritsch@example.net','2017-02-12 20:23:53'),(90,'Donnie','Volkman','753.959.9810','kurt67@example.net','2016-09-20 17:34:37'),(91,'Roel','Welch','1-531-488-2476x9','angelina76@example.net','2018-07-19 13:30:35'),(92,'Sadye','Tillman','1-265-378-4131','vschmeler@example.net','2013-06-14 02:11:17'),(93,'Arne','Eichmann','+31(4)1915546423','kgerhold@example.com','2021-05-07 19:02:37'),(94,'Gladys','Mitchell','03948086045','izieme@example.com','2020-04-12 21:13:21'),(95,'Layne','Hodkiewicz','426-242-5865','gutmann.elyse@example.com','2020-09-09 19:54:16'),(96,'Zechariah','Denesik','(317)135-5381','yzieme@example.com','2020-10-09 18:57:22'),(97,'Mitchel','Marks','1-502-738-3535x6','ckoelpin@example.net','2013-07-24 22:19:44'),(98,'Bianka','Willms','1-581-283-1221','elmer.osinski@example.org','2018-02-26 17:04:25'),(99,'Edyth','Veum','937-730-9939','wbrakus@example.org','2012-03-31 10:23:30'),(100,'Georgianna','Champlin','682.917.9758x918','sierra.mitchell@example.org','2013-06-24 08:31:21');
/*!40000 ALTER TABLE `managers` ENABLE KEYS */;
UNLOCK TABLES;

--
-- Table structure for table `order_item`
--

DROP TABLE IF EXISTS `order_item`;
/*!40101 SET @saved_cs_client     = @@character_set_client */;
/*!50503 SET character_set_client = utf8mb4 */;
CREATE TABLE `order_item` (
  `id` int unsigned NOT NULL AUTO_INCREMENT,
  `order_id` int unsigned NOT NULL COMMENT 'ID заказа orders.id',
  `product_id` int unsigned NOT NULL COMMENT 'Артикул товара',
  `price` decimal(11,2) DEFAULT NULL COMMENT 'Цена',
  `price_type_id` int unsigned NOT NULL COMMENT 'Тип цены price_type.id',
  `quantity` decimal(11,2) NOT NULL COMMENT 'Количество. Возможно дробное значение',
  `updated_at` datetime DEFAULT CURRENT_TIMESTAMP ON UPDATE CURRENT_TIMESTAMP,
  PRIMARY KEY (`id`),
  KEY `order_item_order_id_fk` (`order_id`),
  KEY `order_item_product_id_fk` (`product_id`),
  KEY `order_item_price_type_id_fk` (`price_type_id`),
  CONSTRAINT `order_item_order_id_fk` FOREIGN KEY (`order_id`) REFERENCES `orders` (`id`),
  CONSTRAINT `order_item_price_type_id_fk` FOREIGN KEY (`price_type_id`) REFERENCES `price_type` (`id`),
  CONSTRAINT `order_item_product_id_fk` FOREIGN KEY (`product_id`) REFERENCES `products` (`id`)
) ENGINE=InnoDB AUTO_INCREMENT=101 DEFAULT CHARSET=utf8mb4 COLLATE=utf8mb4_unicode_ci COMMENT='Товары в заказе';
/*!40101 SET character_set_client = @saved_cs_client */;

--
-- Dumping data for table `order_item`
--

LOCK TABLES `order_item` WRITE;
/*!40000 ALTER TABLE `order_item` DISABLE KEYS */;
INSERT INTO `order_item` VALUES (1,41,40,32048850.38,3,155.00,'2013-11-21 22:33:17'),(2,70,31,37833.98,8,1474460.10,'2011-08-22 20:50:44'),(3,23,91,15549.49,7,28685000.00,'2015-04-10 15:23:28'),(4,34,6,348764856.08,7,476398.40,'2018-09-02 16:29:40'),(5,97,26,300664.48,1,458.00,'2017-01-21 18:55:06'),(6,22,28,28053.03,9,492.60,'2014-05-22 23:03:49'),(7,89,30,464483.44,3,429.50,'2020-08-30 00:29:33'),(8,66,84,2714.05,8,911.70,'2019-12-19 02:01:52'),(9,19,33,2234494.26,2,13476738.10,'2019-05-23 04:38:24'),(10,83,66,75987.38,7,229.10,'2015-12-09 17:35:39'),(11,73,6,61976821.07,1,186.90,'2014-10-14 21:53:22'),(12,93,76,211562.86,4,407.90,'2015-04-14 10:31:58'),(13,64,98,19226.07,3,68907.20,'2012-02-18 20:14:36'),(14,33,32,19362.34,3,467.50,'2017-03-25 10:30:47'),(15,1,29,43980000.67,6,420.60,'2020-05-10 14:06:14'),(16,8,50,47442.02,8,101.40,'2016-07-25 05:49:10'),(17,93,39,29736.33,1,148.90,'2015-02-02 05:05:18'),(18,20,4,36802.30,10,37.90,'2016-06-22 01:40:30'),(19,93,23,1634.69,3,19917239.60,'2016-10-15 21:22:35'),(20,4,5,2870.21,9,55328436.80,'2017-05-24 13:24:50'),(21,64,78,47080.33,10,48147992.60,'2012-05-05 16:14:08'),(22,64,70,14790.18,8,57281027.00,'2016-11-26 14:41:01'),(23,94,33,23248.15,7,264597.60,'2019-02-13 19:57:25'),(24,14,65,33411.71,1,4472346.80,'2020-02-17 11:49:19'),(25,41,65,8628.87,3,284.80,'2015-04-21 15:40:52'),(26,92,73,9348073.04,8,36.20,'2019-03-24 10:10:52'),(27,71,65,27574.99,2,5731516.70,'2020-07-09 16:10:16'),(28,80,84,26483.29,3,994472.30,'2014-09-11 19:49:48'),(29,72,77,29670.06,5,79.50,'2017-08-28 23:54:53'),(30,96,80,10608.00,5,47653644.40,'2019-01-26 02:18:19'),(31,86,44,12266761.83,3,178.40,'2014-03-31 23:24:01'),(32,82,7,78302.86,10,72787676.40,'2018-01-18 09:14:28'),(33,53,1,3910.58,3,52346977.80,'2011-07-03 08:02:10'),(34,22,15,22455.45,10,22764583.10,'2016-02-18 10:16:18'),(35,23,55,35968.65,6,3054560.30,'2011-06-07 23:19:18'),(36,53,46,10630.91,4,47139.00,'2015-10-14 01:11:26'),(37,32,17,23997.49,10,49480.10,'2011-12-13 11:56:49'),(38,49,97,1133747.40,8,463751.70,'2019-12-25 23:41:51'),(39,71,68,25838.79,6,172.30,'2014-07-10 12:04:34'),(40,14,64,19269.87,4,659657088.10,'2013-03-11 06:27:15'),(41,63,49,21101.01,8,192224.90,'2014-10-07 13:20:19'),(42,89,30,8491.85,9,1332527.50,'2020-08-12 18:37:59'),(43,84,82,736854.89,9,102578935.00,'2014-12-31 01:14:24'),(44,12,4,8451.55,10,5.60,'2011-11-01 20:46:44'),(45,5,27,386813629.73,6,29140014.10,'2011-08-21 00:57:50'),(46,62,79,260099187.62,10,333891330.30,'2012-05-22 02:37:49'),(47,92,10,35238.04,2,462.20,'2016-02-09 01:24:53'),(48,87,59,25393.23,2,6388.50,'2015-08-05 05:17:18'),(49,66,29,20807.89,8,168.00,'2014-04-15 08:34:23'),(50,22,43,28427.11,5,1161368.10,'2012-10-04 11:07:02'),(51,58,6,5744356.55,10,152.40,'2021-01-30 16:18:27'),(52,37,94,23668658.88,3,12387.50,'2020-02-22 03:36:36'),(53,22,77,31566.73,1,379526.60,'2013-11-28 07:11:55'),(54,8,88,21505.04,1,55.70,'2011-12-19 04:59:26'),(55,8,93,21015.70,4,176.00,'2014-12-19 06:43:51'),(56,62,54,7025037.08,2,1231386.10,'2011-09-20 06:42:11'),(57,62,46,20274.25,3,23.40,'2014-05-14 05:41:20'),(58,78,33,1102.21,8,1881981.40,'2019-11-20 19:07:32'),(59,90,99,450041.35,1,180.10,'2015-08-11 22:37:25'),(60,70,20,73361176.10,6,4493004.70,'2018-07-25 01:35:36'),(61,13,78,28997.02,6,324.20,'2011-08-03 04:22:52'),(62,5,14,17488.00,5,613.00,'2013-11-20 20:57:10'),(63,26,36,23700.67,3,8036.10,'2018-03-02 20:04:46'),(64,29,44,30667.23,2,578.70,'2019-06-14 12:07:29'),(65,35,51,1319875.89,1,256.20,'2013-05-01 02:27:48'),(66,68,12,204006.75,6,18041710.30,'2018-07-25 11:54:00'),(67,79,73,27797.14,1,50.40,'2011-06-15 15:28:00'),(68,100,51,5730.00,4,2139.90,'2018-01-19 11:41:39'),(69,79,41,577388974.45,4,163074789.80,'2012-04-19 18:20:56'),(70,87,10,1852188.01,6,230.60,'2020-04-03 15:52:57'),(71,38,23,34360.07,4,4254.80,'2017-06-03 01:59:45'),(72,93,28,2841.60,5,280.60,'2020-02-15 04:30:55'),(73,42,53,28140.18,9,708.60,'2012-12-10 02:47:50'),(74,67,82,261936.46,3,499.20,'2021-01-16 20:26:28'),(75,81,16,297798348.16,8,20598.80,'2012-06-20 03:06:19'),(76,86,84,383399.34,9,77003827.10,'2011-11-12 17:01:12'),(77,45,63,10740.57,7,327.00,'2014-07-08 18:18:51'),(78,50,62,11904944.37,2,2552544.80,'2018-01-27 09:50:46'),(79,87,41,5747.73,6,1097.20,'2017-08-06 01:13:29'),(80,23,28,750808439.76,7,420.90,'2012-02-15 11:28:46'),(81,79,65,139284.96,9,7850899.70,'2013-10-18 22:52:29'),(82,12,58,18017473.24,2,2956.80,'2014-06-07 10:43:08'),(83,59,99,4306573.05,7,14905.70,'2018-06-25 22:28:50'),(84,42,66,9761.46,5,3821955.60,'2017-08-16 18:05:12'),(85,68,46,29094.46,7,365.80,'2014-03-04 03:21:13'),(86,44,31,22480.95,5,415.60,'2013-06-03 21:29:50'),(87,33,76,125062712.08,1,4712.90,'2014-06-03 02:15:51'),(88,95,25,6901038.31,7,52389787.60,'2018-04-12 03:17:18'),(89,7,12,8901755.72,1,91.80,'2013-12-15 18:47:11'),(90,59,34,29445982.60,4,167124646.30,'2018-12-22 12:21:40'),(91,21,13,19447.42,1,66828959.70,'2019-12-31 04:21:06'),(92,6,24,15536.76,6,47164.30,'2016-09-07 12:57:29'),(93,18,82,4117034.46,6,173.20,'2014-03-13 22:14:10'),(94,83,23,12878.13,3,342.70,'2018-04-28 14:39:22'),(95,29,90,208796613.00,7,590813.60,'2012-08-10 23:11:10'),(96,90,34,595271.26,10,380013.30,'2019-04-05 23:43:46'),(97,36,67,17222.20,8,24281963.40,'2018-04-17 01:30:08'),(98,43,61,10121.64,10,135.70,'2012-05-13 09:31:43'),(99,12,67,18139.99,1,6836.40,'2021-02-03 22:14:39'),(100,21,25,549311.73,5,7497.10,'2015-03-24 02:41:30');
/*!40000 ALTER TABLE `order_item` ENABLE KEYS */;
UNLOCK TABLES;

--
-- Temporary view structure for view `order_list`
--

DROP TABLE IF EXISTS `order_list`;
/*!50001 DROP VIEW IF EXISTS `order_list`*/;
SET @saved_cs_client     = @@character_set_client;
/*!50503 SET character_set_client = utf8mb4 */;
/*!50001 CREATE VIEW `order_list` AS SELECT 
 1 AS `numbers_order`,
 1 AS `name`,
 1 AS `order_status`,
 1 AS `acrticle`,
 1 AS `price`,
 1 AS `quantity`,
 1 AS `delivery_point`,
 1 AS `name_manager`*/;
SET character_set_client = @saved_cs_client;

--
-- Table structure for table `order_meta`
--

DROP TABLE IF EXISTS `order_meta`;
/*!40101 SET @saved_cs_client     = @@character_set_client */;
/*!50503 SET character_set_client = utf8mb4 */;
CREATE TABLE `order_meta` (
  `order_id` int unsigned NOT NULL,
  `user_firstname` varchar(255) CHARACTER SET utf8mb4 COLLATE utf8mb4_unicode_ci DEFAULT NULL COMMENT 'Имя компании',
  `user_middlename` varchar(255) CHARACTER SET utf8mb4 COLLATE utf8mb4_unicode_ci DEFAULT NULL COMMENT 'Отчество компании',
  `user_lastname` varchar(255) CHARACTER SET utf8mb4 COLLATE utf8mb4_unicode_ci DEFAULT NULL COMMENT 'Фамилия компании',
  `user_email` varchar(120) CHARACTER SET utf8mb4 COLLATE utf8mb4_unicode_ci DEFAULT NULL COMMENT 'E-mail компании',
  `user_phone` varchar(120) CHARACTER SET utf8mb4 COLLATE utf8mb4_unicode_ci DEFAULT NULL COMMENT 'Телефон компании',
  `another_user_phone` varchar(120) CHARACTER SET utf8mb4 COLLATE utf8mb4_unicode_ci DEFAULT NULL COMMENT 'Дополнительный телефон компании',
  `user_ip` varchar(45) CHARACTER SET utf8mb4 COLLATE utf8mb4_unicode_ci DEFAULT NULL COMMENT 'IP-адрес компании',
  `user_region_name_id` int unsigned DEFAULT NULL COMMENT 'Регион компании',
  `delivery_type` varchar(20) CHARACTER SET utf8mb4 COLLATE utf8mb4_unicode_ci DEFAULT NULL COMMENT 'Тип доставки',
  `delivery_address` text CHARACTER SET utf8mb4 COLLATE utf8mb4_unicode_ci COMMENT 'Адрес доставки',
  `created_at` datetime DEFAULT CURRENT_TIMESTAMP,
  `updated_at` datetime DEFAULT CURRENT_TIMESTAMP ON UPDATE CURRENT_TIMESTAMP,
  PRIMARY KEY (`order_id`),
  UNIQUE KEY `user_email` (`user_email`),
  UNIQUE KEY `user_phone` (`user_phone`),
  KEY `order_user_region_name_id_fk` (`user_region_name_id`),
  KEY `order_meta_user_firstname_user_lastname_idx` (`user_firstname`,`user_lastname`) COMMENT 'Поиск по клиентов, используют часто по имени и фамилии, поэтому создал индекс.',
  KEY `order_user_phone_idx` (`user_phone`) COMMENT 'А так же, очень часто ищут по номеру телефона.',
  CONSTRAINT `order_meta_order_id_fk` FOREIGN KEY (`order_id`) REFERENCES `orders` (`id`),
  CONSTRAINT `order_user_region_name_id_fk` FOREIGN KEY (`user_region_name_id`) REFERENCES `regions` (`id`)
) ENGINE=InnoDB DEFAULT CHARSET=utf8mb4 COLLATE=utf8mb4_unicode_ci COMMENT='Дополнительная информация к заказу';
/*!40101 SET character_set_client = @saved_cs_client */;

--
-- Dumping data for table `order_meta`
--

LOCK TABLES `order_meta` WRITE;
/*!40000 ALTER TABLE `order_meta` DISABLE KEYS */;
INSERT INTO `order_meta` VALUES (2,'Anya','Aryanna','Keebler','cordia.maggio@example.org','(117)099-8516','054.164.9823x276','115.245.230.167',3,'perspiciatis','consectetur','2014-03-07 01:03:30','2019-08-23 04:15:12'),(8,'Salma','Sebastian','Champlin','millie.keebler@example.net','1-600-311-7689x57040','479-250-3386x0722','130.236.143.88',4,'laudantium','qui','2018-12-07 13:25:15','2021-05-21 22:47:59'),(12,'Kiera','Lawrence','Grant','zachary.cole@example.net','435-169-1031x179','880.309.8004','36.160.18.32',43,'beatae','occaecati','2020-04-22 09:30:34','2021-05-21 22:47:59'),(15,'Mauricio','Cassandre','Gulgowski','tabitha.mcclure@example.net','06906112951','(244)067-4166x2539','209.115.248.223',25,'consequatur','nemo','2018-06-04 14:54:29','2021-05-21 22:47:59'),(16,'Idell','Hiram','Larson','karlie13@example.org','+62(7)1200641970','(762)319-5585x366','199.76.57.195',18,'deserunt','nostrum','2016-02-14 08:42:06','2019-05-10 19:13:01'),(17,'Lynn','Bethel','Wunsch','kbeier@example.net','+39(4)4554057322','1-819-499-9456x207','109.55.21.84',40,'veniam','voluptatem','2021-01-30 23:37:02','2021-05-21 22:47:59'),(18,'Obie','Turner','Greenholt','hailie.jerde@example.org','717-866-1757','428-941-6892','16.163.105.114',22,'qui','deleniti','2015-03-10 19:14:12','2020-01-27 23:14:56'),(20,'Trace','Alberto','Kilback','vkemmer@example.net','646-550-8921x675','(384)863-3299','6.171.112.55',46,'odio','molestias','2011-07-05 02:22:16','2012-07-28 01:23:21'),(22,'Hailey','Magdalen','Cassin','adrain90@example.net','(680)630-1809','408-170-8695x05537','84.109.140.36',23,'earum','et','2018-11-02 15:08:15','2021-05-21 22:47:59'),(27,'Jazmyn','Darlene','Stehr','cheidenreich@example.com','027-321-9778x67990','(560)112-4746x351','125.25.30.116',21,'voluptas','corporis','2019-07-30 23:46:54','2021-05-21 22:47:59'),(28,'Humberto','Alvis','Walker','roderick02@example.net','616-395-3182x228','878.907.3963x5551','199.36.116.180',12,'atque','est','2019-06-13 15:08:06','2021-05-21 22:47:59'),(29,'Emmy','Arianna','Von','anastacio.kirlin@example.net','(153)012-6086x705','+32(4)4990604093','30.29.1.27',4,'delectus','dolorem','2020-01-09 00:17:50','2021-05-21 22:47:59'),(30,'Lew','Jacques','Vandervort','mrunolfsdottir@example.net','1-941-743-1985','(647)666-8737x682','187.200.134.59',25,'vel','et','2019-05-23 06:13:51','2021-05-21 22:47:59'),(31,'Randall','Guadalupe','Raynor','jhahn@example.net','(289)297-2803','03445960639','9.237.189.82',5,'nemo','ratione','2014-05-25 21:26:29','2018-09-21 19:40:33'),(33,'Beau','Gregoria','Hayes','anderson62@example.org','1-608-723-0281x0591','+61(9)0242660363','173.237.74.47',34,'rerum','ducimus','2015-10-18 13:29:15','2020-10-17 19:22:20'),(34,'Hildegard','Johnpaul','Pagac','johnston.anderson@example.com','590.063.7639x4658','399.445.9283','254.192.21.110',9,'odit','velit','2021-03-06 21:00:20','2021-05-21 22:47:59'),(36,'Henri','Delpha','Cremin','rory.bode@example.org','1-094-879-6056','(781)468-9052x3136','99.219.37.148',31,'voluptas','culpa','2014-02-12 06:17:50','2017-12-17 14:39:05'),(37,'Tia','Elwyn','Walsh','enolan@example.net','04716525582','503.849.0586x97426','192.204.189.195',11,'modi','quis','2018-04-25 15:05:09','2021-05-21 22:47:59'),(38,'Elmira','Coleman','McClure','moore.alden@example.org','779.821.6012x70506','930.448.0682','19.48.43.204',19,'tempore','quod','2014-06-13 17:40:42','2017-02-18 10:07:37'),(39,'Ozella','Lysanne','O\'Kon','williamson.constance@example.org','016.890.9401','1-491-071-4768','173.82.35.225',14,'assumenda','soluta','2015-05-06 11:18:37','2021-05-21 22:47:59'),(40,'Maci','Madisyn','Larson','bailey.jamarcus@example.com','1-388-907-9056x9300','329-127-6728x376','108.99.43.142',34,'ut','dolorum','2016-05-29 07:39:13','2021-05-21 22:47:59'),(43,'Eva','Alvena','Adams','qgottlieb@example.net','1-576-804-8584','+43(0)8329686867','21.214.4.65',46,'inventore','maiores','2012-04-24 14:07:29','2021-05-21 22:47:59'),(45,'Theron','Justine','Welch','goodwin.karen@example.org','363.011.3697x81356','(885)483-8401x76955','67.72.82.177',28,'quia','provident','2020-07-08 05:08:28','2021-05-21 22:47:59'),(47,'Myah','Madisyn','Johnson','pacocha.melisa@example.org','01108993475','124-700-4866x2953','91.169.93.16',2,'quisquam','aut','2015-05-05 19:09:34','2020-05-06 19:05:41'),(48,'Ruth','Aiden','Fisher','medhurst.foster@example.net','(627)485-9339','435-835-0505x1550','52.104.184.105',35,'dolores','corporis','2016-11-14 09:13:40','2017-05-09 13:10:03'),(49,'Lilla','Colten','Dicki','sgaylord@example.net','+59(0)5102347031','(480)135-4716x76835','233.182.150.246',23,'sunt','molestias','2017-07-01 14:45:05','2021-05-21 22:47:59'),(50,'Brody','Naomie','McDermott','greenfelder.crawford@example.com','(829)754-8407x69350','1-737-638-3866x379','138.244.156.90',32,'est','aliquam','2015-03-26 10:19:23','2018-11-27 10:06:11'),(51,'Abbigail','Filiberto','Koepp','xboyer@example.org','934.592.5363','1-528-979-5757x4384','102.208.20.136',32,'quia','recusandae','2014-11-28 08:00:39','2018-03-08 14:34:59'),(53,'Antonietta','Rasheed','Okuneva','alexa.nader@example.com','607.258.0137','+08(4)4017586385','74.149.172.30',10,'animi','laboriosam','2015-09-05 13:47:12','2021-05-21 22:47:59'),(55,'Freddy','Jasmin','Dickens','sydney55@example.net','801-062-9147x837','(639)983-7496x830','119.71.37.29',17,'suscipit','amet','2012-06-26 19:28:27','2021-05-21 22:47:59'),(58,'Jasper','Rubie','Nienow','kemard@example.com','987-704-9468x517','1-139-444-9808','205.14.146.171',7,'nemo','ratione','2017-09-04 18:33:21','2018-01-27 05:53:55'),(59,'Laron','Kennith','Marks','dietrich.waino@example.org','(797)159-8396','057.501.4842','77.167.240.29',32,'odio','est','2012-03-28 10:04:44','2018-08-01 03:50:06'),(60,'Kari','Bret','Moen','vita06@example.com','011.133.0460','(627)871-7712','153.229.230.190',39,'sunt','voluptates','2020-09-21 16:28:43','2021-05-21 22:47:59'),(61,'Lorenzo','Otis','Zieme','dolores66@example.com','880.961.6286x5066','(701)679-2450','49.241.112.64',33,'qui','non','2014-06-09 17:52:59','2021-05-21 22:47:59'),(62,'Citlalli','Lelah','Gislason','rcummerata@example.net','1-640-351-4970x7005','671.559.7105x6139','228.52.240.65',19,'non','exercitationem','2014-03-29 01:56:45','2021-05-21 22:47:59'),(63,'Marcellus','Elody','Kirlin','dzieme@example.org','1-721-340-3222x9726','1-934-820-1617x597','119.189.93.236',31,'ullam','sint','2012-07-22 15:21:29','2019-11-04 00:31:26'),(64,'Earline','Aaron','Koelpin','greenfelder.alfred@example.com','543.118.6668x58807','1-582-707-7461x3910','179.159.99.125',16,'aut','quia','2013-03-25 02:27:36','2016-09-01 01:28:23'),(65,'Amalia','Cecilia','Heathcote','strosin.easton@example.org','(513)761-5011x52471','170-097-8907x1643','1.75.231.39',10,'possimus','sed','2016-11-24 01:32:00','2019-01-29 11:43:00'),(66,'Verna','Timothy','Kessler','lmiller@example.org','+10(9)9746047150','1-846-600-5192x32856','68.44.109.40',31,'vero','corporis','2020-05-31 23:15:06','2021-05-21 22:47:59'),(67,'Stevie','Monroe','Reichert','gloria.feeney@example.com','189-612-7785x96195','1-982-454-9451','213.161.26.32',43,'occaecati','hic','2019-12-23 20:17:04','2020-03-08 20:33:37'),(70,'Morris','Agnes','Fadel','kkertzmann@example.org','1-196-580-6958x244','1-151-612-2993x31527','124.61.226.17',45,'explicabo','consectetur','2018-08-30 14:36:04','2021-05-21 22:47:59'),(71,'Bill','Kennith','O\'Kon','thiel.florian@example.org','189-375-7300','593.306.0335','196.115.239.115',30,'voluptatem','iste','2015-12-06 16:00:33','2019-07-09 08:55:16'),(72,'Ludie','Ambrose','Corwin','sister03@example.com','04262136961','(269)663-4961x20190','189.149.77.43',4,'qui','et','2014-05-18 11:54:11','2020-04-03 02:05:04'),(74,'Matilde','Fernando','Stroman','srunte@example.org','(812)655-0515','1-338-072-6438x2737','218.10.11.45',20,'dignissimos','et','2018-06-04 05:50:51','2021-05-21 22:47:59'),(75,'Marlin','Shanny','Kunze','jnienow@example.org','05967753773','516-814-1964x463','64.152.54.255',9,'eaque','sit','2019-07-29 20:18:10','2021-05-21 22:47:59'),(76,'Cortney','Verda','Rath','bergstrom.muhammad@example.com','962-529-7533','+23(0)7991974226','11.205.53.175',33,'ducimus','sunt','2019-03-07 13:14:46','2021-05-21 22:47:59'),(77,'Wilford','Theodora','Parker','cornell.wisoky@example.com','1-634-226-2336x68727','(201)018-0873x79529','182.164.252.160',41,'voluptas','fugit','2021-03-02 09:06:01','2021-05-21 22:47:59'),(79,'Kyle','Jesus','Kessler','morissette.rico@example.org','1-277-815-6085x1555','890-229-4763x72890','49.36.65.246',8,'est','voluptas','2015-02-08 04:17:12','2018-03-02 21:24:09'),(80,'Vallie','Yessenia','Leannon','oscar.schamberger@example.org','754.432.8049x117','(424)542-8589x02703','66.207.31.248',10,'asperiores','sapiente','2018-02-02 23:47:07','2020-10-21 01:30:27'),(85,'Anais','Shayne','Schmitt','gus03@example.com','(644)075-2475x70891','1-206-974-1007','223.47.58.10',22,'odit','animi','2013-08-10 22:34:42','2021-04-12 15:23:40'),(87,'Justice','Melissa','Farrell','bernier.drew@example.org','1-377-715-0193x200','150-112-1283x1409','242.13.160.178',15,'quidem','voluptas','2013-02-10 20:30:44','2019-04-16 15:52:47'),(89,'Faye','Kole','Nicolas','renner.bret@example.com','1-614-555-0279x5375','01009205194','92.107.232.14',41,'error','et','2012-03-04 23:38:46','2012-07-07 02:53:52'),(90,'June','Adell','Boehm','reyes67@example.net','(456)402-5041','(373)628-7223x54130','52.142.59.144',1,'rem','quia','2015-09-11 21:29:15','2021-05-21 22:47:59'),(92,'Tristian','Nils','Hudson','jlindgren@example.net','509.143.3481','747.400.2072x2303','184.132.13.9',23,'et','non','2018-05-06 01:47:07','2021-05-21 22:47:59'),(93,'Viviane','Oma','Pollich','zrau@example.net','1-245-602-2780x0946','564.376.0899x1330','251.191.64.212',24,'est','animi','2017-08-16 13:31:39','2019-12-23 11:00:04'),(94,'Lyric','Bernadette','Bruen','ytoy@example.net','08868729912','+48(3)0000151282','228.136.207.11',41,'temporibus','animi','2011-12-14 10:17:10','2017-03-09 02:51:00'),(95,'Cecelia','Sienna','Glover','oframi@example.net','828-720-8002x738','1-899-724-7823','251.57.50.107',13,'laboriosam','inventore','2020-02-22 13:12:20','2021-05-21 22:47:59'),(96,'Vincenza','Jaleel','Runte','gleason.tillman@example.net','676.937.2640x4291','+78(6)8968782925','213.136.248.68',24,'vel','sed','2019-11-10 20:55:44','2021-05-21 22:47:59'),(97,'Aubree','Jamaal','Goldner','kohler.kristofer@example.net','923-931-6707','01574569055','129.181.228.206',33,'et','tenetur','2013-05-18 16:39:09','2014-09-29 18:30:00'),(98,'Amina','Delphine','Padberg','adell.parker@example.com','978.630.3063x565','1-836-497-0377','62.90.38.223',10,'sit','dolores','2014-03-06 01:31:04','2021-05-21 22:47:59');
/*!40000 ALTER TABLE `order_meta` ENABLE KEYS */;
UNLOCK TABLES;

--
-- Table structure for table `order_status`
--

DROP TABLE IF EXISTS `order_status`;
/*!40101 SET @saved_cs_client     = @@character_set_client */;
/*!50503 SET character_set_client = utf8mb4 */;
CREATE TABLE `order_status` (
  `id` int unsigned NOT NULL AUTO_INCREMENT,
  `name` varchar(255) NOT NULL COMMENT 'Название (ожидание, в работе, завершен, отмена, др.)',
  PRIMARY KEY (`id`),
  KEY `order_status_name_idx` (`name`) COMMENT 'Статусы очень часто используються, для них создал индекс.'
) ENGINE=InnoDB AUTO_INCREMENT=8 DEFAULT CHARSET=utf8mb4 COLLATE=utf8mb4_0900_ai_ci COMMENT='Статус заказов';
/*!40101 SET character_set_client = @saved_cs_client */;

--
-- Dumping data for table `order_status`
--

LOCK TABLES `order_status` WRITE;
/*!40000 ALTER TABLE `order_status` DISABLE KEYS */;
INSERT INTO `order_status` VALUES (2,'agreed'),(6,'cancellation'),(5,'completed'),(4,'delivery'),(1,'new'),(7,'refund'),(3,'reserve');
/*!40000 ALTER TABLE `order_status` ENABLE KEYS */;
UNLOCK TABLES;

--
-- Table structure for table `orders`
--

DROP TABLE IF EXISTS `orders`;
/*!40101 SET @saved_cs_client     = @@character_set_client */;
/*!50503 SET character_set_client = utf8mb4 */;
CREATE TABLE `orders` (
  `id` int unsigned NOT NULL AUTO_INCREMENT,
  `company_id` int unsigned NOT NULL COMMENT 'ID компании order.company_id => company.id',
  `delivery_point_id` int unsigned NOT NULL COMMENT 'ID адреса доставки order.delivery_point_id => delivery_point.id',
  `pickup_point_id` int unsigned NOT NULL COMMENT 'ID пункта самовывоза order.pickup_point_id => pickup_point.id',
  `status_id` int unsigned NOT NULL COMMENT 'Статус заказа status_id => order_status.id',
  `manager_id` int unsigned NOT NULL COMMENT 'Менеджер заказа',
  `comment` text CHARACTER SET utf8mb4 COLLATE utf8mb4_0900_ai_ci COMMENT 'Комментарий к заказу',
  `created_at` datetime DEFAULT CURRENT_TIMESTAMP,
  `updated_at` datetime DEFAULT CURRENT_TIMESTAMP ON UPDATE CURRENT_TIMESTAMP,
  PRIMARY KEY (`id`),
  KEY `orders_company_id_fk` (`company_id`),
  KEY `orders_delivery_point_id_fk` (`delivery_point_id`),
  KEY `orders_pickup_point_id_fk` (`pickup_point_id`),
  KEY `orders_status_id_fk` (`status_id`),
  KEY `orders_manager_id_fk` (`manager_id`),
  CONSTRAINT `orders_company_id_fk` FOREIGN KEY (`company_id`) REFERENCES `company` (`id`),
  CONSTRAINT `orders_delivery_point_id_fk` FOREIGN KEY (`delivery_point_id`) REFERENCES `delivery_point` (`id`),
  CONSTRAINT `orders_manager_id_fk` FOREIGN KEY (`manager_id`) REFERENCES `managers` (`id`),
  CONSTRAINT `orders_pickup_point_id_fk` FOREIGN KEY (`pickup_point_id`) REFERENCES `pickup_point` (`id`),
  CONSTRAINT `orders_status_id_fk` FOREIGN KEY (`status_id`) REFERENCES `order_status` (`id`)
) ENGINE=InnoDB AUTO_INCREMENT=101 DEFAULT CHARSET=utf8mb4 COLLATE=utf8mb4_0900_ai_ci COMMENT='Таблица заказов';
/*!40101 SET character_set_client = @saved_cs_client */;

--
-- Dumping data for table `orders`
--

LOCK TABLES `orders` WRITE;
/*!40000 ALTER TABLE `orders` DISABLE KEYS */;
INSERT INTO `orders` VALUES (1,1,4,7,7,1,'illum','2020-11-12 04:06:59','2021-05-25 22:21:53'),(2,2,59,23,3,52,'nemo','2020-05-06 04:47:42','2021-05-25 22:21:53'),(3,3,24,15,5,45,'nulla','2014-11-11 22:05:10','2021-05-25 22:21:53'),(4,4,61,18,6,35,'atque','2019-10-20 19:14:27','2021-05-25 22:25:27'),(5,5,35,1,7,25,'sapiente','2020-03-24 05:39:25','2021-05-25 22:25:27'),(6,6,75,10,1,15,'quod','2016-06-22 15:40:54','2021-05-25 22:25:27'),(7,7,56,19,4,11,'distinctio','2016-09-28 05:53:44','2021-05-25 22:25:27'),(8,8,55,15,3,12,'doloribus','2018-08-12 22:56:40','2021-05-25 22:25:27'),(9,9,57,3,1,35,'veniam','2019-12-26 22:09:55','2021-05-25 22:25:27'),(10,10,52,15,6,65,'expedita','2021-04-13 22:14:43','2021-05-25 22:25:27'),(11,11,3,16,1,65,'ut','2019-09-21 09:19:15','2021-05-25 22:25:28'),(12,12,100,6,1,47,'labore','2020-08-17 21:51:24','2021-05-25 22:25:28'),(13,13,38,12,4,80,'beatae','2016-12-02 03:11:55','2021-05-25 22:25:28'),(14,14,3,2,2,90,'et','2014-11-16 15:55:42','2021-05-25 22:25:28'),(15,15,83,11,3,65,'ut','2021-02-27 12:41:15','2021-05-25 22:25:28'),(16,16,75,4,5,55,'iste','2017-06-26 05:36:18','2021-05-25 22:25:28'),(17,17,89,18,4,56,'quidem','2019-07-23 14:55:40','2021-05-25 22:25:28'),(18,18,43,7,1,35,'velit','2011-08-21 20:58:02','2021-05-25 22:25:28'),(19,19,77,21,1,25,'soluta','2017-02-20 10:51:53','2021-05-25 22:25:28'),(20,20,81,9,5,11,'ut','2016-11-30 16:18:12','2021-05-25 22:25:28'),(21,21,64,10,3,16,'quasi','2017-09-09 12:17:14','2021-05-25 22:25:28'),(22,22,75,9,4,17,'dignissimos','2017-09-10 11:55:56','2021-05-25 22:25:28'),(23,23,75,19,1,18,'ut','2012-07-22 18:37:44','2021-05-25 22:25:28'),(24,24,32,19,1,19,'est','2019-10-08 14:08:03','2021-05-25 22:25:28'),(25,25,60,15,4,31,'non','2021-03-10 19:48:41','2021-05-25 22:25:29'),(26,26,92,9,5,99,'eius','2014-05-08 07:49:50','2021-05-25 22:25:29'),(27,27,63,6,3,98,'sit','2018-10-24 10:20:15','2021-05-25 22:25:29'),(28,28,7,17,5,100,'sed','2011-10-09 15:45:48','2021-05-25 22:25:29'),(29,29,11,11,4,15,'facilis','2012-01-08 00:36:46','2021-05-25 22:25:29'),(30,30,22,6,6,16,'necessitatibus','2021-03-11 18:11:06','2021-05-25 22:25:29'),(31,31,94,22,1,70,'ratione','2016-10-31 11:28:09','2021-05-25 22:25:29'),(32,32,28,15,4,80,'ut','2015-07-14 14:33:14','2021-05-25 22:25:29'),(33,33,84,9,2,71,'laborum','2014-08-24 03:25:53','2021-05-25 22:25:29'),(34,34,85,17,7,73,'dicta','2014-11-18 01:39:37','2021-05-25 22:25:29'),(35,35,93,7,4,86,'dolor','2016-09-20 14:01:11','2021-05-25 22:25:29'),(36,36,41,5,7,84,'ut','2014-11-08 00:45:38','2021-05-25 22:25:29'),(37,37,5,20,1,85,'laboriosam','2013-12-24 07:59:34','2021-05-25 22:25:29'),(38,38,40,22,6,45,'quia','2020-10-13 20:50:54','2021-05-25 22:25:30'),(39,39,1,24,2,43,'quas','2012-05-09 04:53:51','2021-05-25 22:25:30'),(40,40,44,5,3,41,'est','2019-08-24 06:53:48','2021-05-25 22:25:30'),(41,41,20,3,2,35,'maxime','2016-06-11 05:11:39','2021-05-25 22:25:30'),(42,42,32,10,6,34,'ad','2020-03-18 04:06:00','2021-05-25 22:25:30'),(43,43,80,6,2,25,'nemo','2018-12-06 21:35:58','2021-05-25 22:25:30'),(44,44,1,2,6,24,'nostrum','2016-08-30 10:02:03','2021-05-25 22:25:30'),(45,45,98,25,1,21,'rerum','2017-02-13 12:56:56','2021-05-25 22:25:30'),(46,46,53,10,2,63,'ea','2015-09-17 04:54:28','2021-05-25 22:25:30'),(47,47,41,11,1,65,'esse','2011-07-20 21:58:38','2021-05-25 22:25:30'),(48,48,50,21,6,14,'unde','2019-02-25 12:06:16','2021-05-25 22:25:30'),(49,49,23,21,6,15,'ipsa','2020-08-21 18:34:18','2021-05-25 22:25:31'),(50,50,38,7,7,35,'dolorem','2012-01-24 05:15:58','2021-05-25 22:25:31'),(51,51,74,12,1,15,'tempora','2019-08-02 08:25:39','2021-05-25 22:25:31'),(52,52,96,20,4,36,'sunt','2012-01-07 23:53:13','2021-05-25 22:25:31'),(53,53,78,14,5,66,'sit','2014-06-10 07:44:26','2021-05-25 22:25:31'),(54,54,94,15,5,61,'id','2016-12-30 20:11:21','2021-05-25 22:25:31'),(55,55,76,14,5,62,'laudantium','2014-10-14 12:11:10','2021-05-25 22:25:31'),(56,56,82,2,1,77,'maxime','2016-01-18 04:44:53','2021-05-25 22:25:31'),(57,57,4,12,4,79,'placeat','2017-12-08 03:12:26','2021-05-25 22:25:31'),(58,58,4,25,3,47,'vero','2015-08-12 11:44:07','2021-05-25 22:25:31'),(59,59,89,5,1,48,'laudantium','2016-08-28 21:29:41','2021-05-25 22:25:31'),(60,60,69,15,3,64,'harum','2017-05-25 14:39:43','2021-05-25 22:25:31'),(61,61,65,8,6,59,'aut','2019-04-23 02:04:37','2021-05-25 22:25:31'),(62,62,71,7,5,58,'unde','2020-05-17 22:22:44','2021-05-25 22:25:31'),(63,63,14,1,1,20,'distinctio','2020-12-20 19:21:34','2021-05-25 22:25:31'),(64,64,77,25,5,34,'illum','2017-09-13 16:02:58','2021-05-25 22:25:31'),(65,65,45,18,2,39,'inventore','2019-01-15 18:21:52','2021-05-25 22:25:32'),(66,66,11,14,3,75,'quis','2018-07-12 14:36:52','2021-05-25 22:25:32'),(67,67,15,15,6,97,'quasi','2013-09-01 08:29:11','2021-05-25 22:25:32'),(68,68,62,16,6,87,'soluta','2018-04-30 22:58:31','2021-05-25 22:25:32'),(69,69,91,13,7,80,'omnis','2012-02-29 17:47:55','2021-05-25 22:25:32'),(70,70,3,5,4,45,'expedita','2015-05-19 20:32:43','2021-05-25 22:25:32'),(71,71,40,21,6,41,'quo','2011-08-19 06:10:24','2021-05-25 22:25:32'),(72,72,22,14,1,12,'est','2017-04-24 00:04:11','2021-05-25 22:25:32'),(73,73,80,17,1,9,'molestiae','2013-04-13 09:28:26','2021-05-25 22:25:32'),(74,74,94,11,1,8,'officia','2012-08-04 13:48:27','2021-05-25 22:25:32'),(75,75,65,22,6,2,'omnis','2011-11-16 00:00:13','2021-05-25 22:25:32'),(76,76,89,25,3,3,'minima','2019-03-31 22:51:12','2021-05-25 22:25:32'),(77,77,20,4,7,14,'eos','2012-01-23 15:36:55','2021-05-25 22:25:32'),(78,78,99,19,4,15,'exercitationem','2012-02-13 06:03:04','2021-05-25 22:25:32'),(79,79,73,17,7,36,'qui','2019-07-03 01:53:12','2021-05-25 22:25:32'),(80,80,67,17,2,39,'aut','2016-11-21 14:31:47','2021-05-25 22:25:32'),(81,81,17,2,7,50,'sed','2019-08-22 10:54:13','2021-05-25 22:25:33'),(82,82,97,8,4,53,'laboriosam','2014-11-13 00:03:59','2021-05-25 22:25:33'),(83,83,3,3,2,58,'fugiat','2020-07-29 15:43:41','2021-05-25 22:25:33'),(84,84,13,1,5,61,'delectus','2017-07-24 05:16:54','2021-05-25 22:25:33'),(85,85,19,17,4,63,'blanditiis','2017-11-26 13:21:04','2021-05-25 22:25:33'),(86,86,96,14,4,68,'est','2012-01-15 20:08:38','2021-05-25 22:25:33'),(87,87,28,19,5,70,'dolorem','2012-08-18 02:49:00','2021-05-25 22:25:33'),(88,88,15,19,3,82,'quo','2018-08-25 00:00:49','2021-05-25 22:25:33'),(89,89,64,12,7,72,'omnis','2018-07-30 14:23:52','2021-05-25 22:25:33'),(90,90,62,4,5,92,'iure','2012-02-15 20:00:36','2021-05-25 22:25:33'),(91,91,78,8,5,71,'a','2014-06-24 00:07:54','2021-05-25 22:25:33'),(92,92,76,7,7,1,'laudantium','2018-04-28 18:05:13','2021-05-25 22:25:33'),(93,93,27,8,1,35,'eius','2012-04-07 04:03:37','2021-05-25 22:25:33'),(94,94,44,11,1,36,'saepe','2013-08-11 09:31:53','2021-05-25 22:25:33'),(95,95,4,15,6,34,'labore','2013-10-08 18:07:18','2021-05-25 22:25:33'),(96,96,51,14,3,25,'porro','2014-12-31 23:59:15','2021-05-25 22:25:34'),(97,97,96,21,1,15,'qui','2020-10-12 15:21:54','2021-05-25 22:25:34'),(98,98,54,25,6,35,'illum','2017-07-18 00:51:04','2021-05-25 22:25:34'),(99,99,86,16,2,1,'autem','2012-07-15 00:02:47','2021-05-25 22:25:34'),(100,100,83,6,3,2,'voluptas','2014-11-07 20:38:55','2021-05-25 22:25:34');
/*!40000 ALTER TABLE `orders` ENABLE KEYS */;
UNLOCK TABLES;

--
-- Table structure for table `pickup_point`
--

DROP TABLE IF EXISTS `pickup_point`;
/*!40101 SET @saved_cs_client     = @@character_set_client */;
/*!50503 SET character_set_client = utf8mb4 */;
CREATE TABLE `pickup_point` (
  `id` int unsigned NOT NULL AUTO_INCREMENT,
  `region_id` int unsigned NOT NULL COMMENT 'ID региона, к которому привязаны пункты самовывоза',
  `address` text CHARACTER SET utf8mb4 COLLATE utf8mb4_unicode_ci NOT NULL COMMENT 'Адрес пункта самовывоза',
  PRIMARY KEY (`id`),
  KEY `pickup_point_region_id_fk` (`region_id`),
  CONSTRAINT `pickup_point_region_id_fk` FOREIGN KEY (`region_id`) REFERENCES `regions` (`id`)
) ENGINE=InnoDB AUTO_INCREMENT=26 DEFAULT CHARSET=utf8mb4 COLLATE=utf8mb4_unicode_ci COMMENT='Таблица пунктов самовывоза';
/*!40101 SET character_set_client = @saved_cs_client */;

--
-- Dumping data for table `pickup_point`
--

LOCK TABLES `pickup_point` WRITE;
/*!40000 ALTER TABLE `pickup_point` DISABLE KEYS */;
INSERT INTO `pickup_point` VALUES (1,23,'86899 Westley Keys Apt. 701\nSchambergerbury, LA 54174-3524'),(2,8,'1349 Tevin Burg Suite 305\nRolfsonmouth, VT 32378-3518'),(3,36,'981 Rath Lake Suite 198\nPort Gilberto, MT 70485-9271'),(4,13,'386 Florine Forges Suite 929\nDorianstad, HI 55552'),(5,18,'10239 Schultz Inlet\nMercedesshire, WY 15844'),(6,2,'6798 Kevon Loop Suite 543\nEast Elizaberg, VT 36238-3596'),(7,46,'7720 Terence Unions\nDuBuqueside, HI 01073'),(8,17,'94441 Dickinson Bypass\nSouth Paxton, RI 23961-7706'),(9,10,'959 Jamil Springs\nMaemouth, KS 22433-0429'),(10,46,'34322 Tremblay Harbors Suite 956\nNorth Martaland, AL 48811-4217'),(11,2,'822 Hane Grove\nEast Gerry, MI 18861-7073'),(12,40,'044 Heller Mountain Suite 593\nJadeton, IA 17711'),(13,8,'40443 Edmond Garden Suite 536\nPort Edside, OK 98017'),(14,10,'4953 Bria Valleys\nLake Leonormouth, CO 67389-9543'),(15,42,'10318 Walker Villages Suite 563\nKeeganberg, CA 22724-7221'),(16,22,'1747 Layla Keys\nJonesmouth, AR 68563'),(17,40,'24338 Connelly Parkway Apt. 735\nSterlingmouth, MN 34805'),(18,36,'9179 Rosamond Station Suite 592\nGoldnerport, NY 68151-2382'),(19,4,'75888 Lamont Coves\nMurraybury, KS 88577'),(20,17,'23176 Isaiah Crossroad Suite 481\nEast Bernadetteville, AR 02291-5449'),(21,21,'936 Harry Light\nPort Christophermouth, WI 03314-4008'),(22,37,'9181 Duane Landing\nNew Chanelle, HI 07187-1948'),(23,43,'502 Adalberto Common Apt. 607\nBuckridgeport, SC 61610'),(24,33,'023 Bridie Hollow Suite 043\nRockytown, ND 78741'),(25,20,'8619 Emmalee Glen\nJolieport, RI 53073-7808');
/*!40000 ALTER TABLE `pickup_point` ENABLE KEYS */;
UNLOCK TABLES;

--
-- Table structure for table `price`
--

DROP TABLE IF EXISTS `price`;
/*!40101 SET @saved_cs_client     = @@character_set_client */;
/*!50503 SET character_set_client = utf8mb4 */;
CREATE TABLE `price` (
  `product_id` int unsigned NOT NULL COMMENT 'ID товара product_id => products.id',
  `type_id` int unsigned NOT NULL COMMENT 'ID типа цены type_id => price_type.id',
  `price` decimal(11,2) NOT NULL COMMENT 'Цена',
  PRIMARY KEY (`product_id`),
  KEY `price_type_id` (`type_id`),
  CONSTRAINT `price_product_id_fk` FOREIGN KEY (`product_id`) REFERENCES `products` (`id`),
  CONSTRAINT `price_type_id` FOREIGN KEY (`type_id`) REFERENCES `price_type` (`id`)
) ENGINE=InnoDB DEFAULT CHARSET=utf8mb4 COLLATE=utf8mb4_unicode_ci COMMENT='Таблица цен';
/*!40101 SET character_set_client = @saved_cs_client */;

--
-- Dumping data for table `price`
--

LOCK TABLES `price` WRITE;
/*!40000 ALTER TABLE `price` DISABLE KEYS */;
INSERT INTO `price` VALUES (1,10,5886417.19),(2,3,13289.10),(3,6,183127664.63),(4,5,182280.49),(7,6,23858.57),(10,9,529411.49),(11,10,25369.26),(12,8,11892.23),(13,2,218530.39),(14,10,2012520.77),(15,10,17453.45),(16,7,151170705.07),(18,5,24918.05),(19,4,59328.18),(20,3,133301.47),(21,9,9321.45),(23,10,33512707.61),(25,9,19322763.98),(29,1,9176.69),(30,4,508660.52),(31,4,198066842.89),(33,8,2347418.23),(34,7,12135.36),(35,10,35850057.44),(37,2,8150.47),(38,6,20407.68),(39,1,3403417.53),(41,2,53319.51),(42,7,17060695.32),(44,10,27593.29),(45,2,566225395.57),(48,5,41499397.70),(50,5,24641.39),(52,7,15773.59),(53,7,24903.16),(54,9,82095891.21),(55,4,1121924.71),(56,4,28257.64),(58,2,24668.39),(59,4,7132.43),(60,1,104033.54),(61,4,26338.40),(62,7,871.42),(64,7,16401.79),(65,3,60505830.77),(66,7,41438.84),(70,10,17161.90),(74,8,14807.62),(75,3,14818967.69),(77,10,27689.30),(78,10,13924216.91),(79,8,234688684.89),(80,10,65046.45),(81,8,25517.89),(83,10,18572.26),(85,2,8228.80),(87,3,23604.08),(88,4,152536811.74),(89,10,4104903.29),(90,5,19148.49),(91,9,28806.95),(94,6,26979.35),(95,1,16005.36),(97,4,26351.28),(98,7,508290323.50),(99,6,1796547.38);
/*!40000 ALTER TABLE `price` ENABLE KEYS */;
UNLOCK TABLES;

--
-- Table structure for table `price_type`
--

DROP TABLE IF EXISTS `price_type`;
/*!40101 SET @saved_cs_client     = @@character_set_client */;
/*!50503 SET character_set_client = utf8mb4 */;
CREATE TABLE `price_type` (
  `id` int unsigned NOT NULL AUTO_INCREMENT,
  `currency_id` int unsigned NOT NULL COMMENT 'ID валюты',
  `name` text CHARACTER SET utf8mb4 COLLATE utf8mb4_unicode_ci NOT NULL COMMENT 'Название',
  `with_vat` tinyint(1) NOT NULL DEFAULT '1' COMMENT '1 - цена включает НДС, 0 - без НДС',
  `base` tinyint(1) NOT NULL DEFAULT '0' COMMENT 'Признак базового типа цены',
  `updated_at` datetime DEFAULT CURRENT_TIMESTAMP ON UPDATE CURRENT_TIMESTAMP,
  PRIMARY KEY (`id`),
  KEY `price_type_currency_id_fk` (`currency_id`),
  CONSTRAINT `price_type_currency_id_fk` FOREIGN KEY (`currency_id`) REFERENCES `currency` (`id`)
) ENGINE=InnoDB AUTO_INCREMENT=11 DEFAULT CHARSET=utf8mb4 COLLATE=utf8mb4_unicode_ci COMMENT='Тип цен';
/*!40101 SET character_set_client = @saved_cs_client */;

--
-- Dumping data for table `price_type`
--

LOCK TABLES `price_type` WRITE;
/*!40000 ALTER TABLE `price_type` DISABLE KEYS */;
INSERT INTO `price_type` VALUES (1,2,'quaerat',0,1,'2012-05-12 19:55:54'),(2,5,'sit',0,1,'2013-07-26 19:14:41'),(3,5,'magnam',0,0,'2014-05-21 23:57:45'),(4,1,'perspiciatis',0,1,'2021-01-11 17:58:42'),(5,4,'consectetur',1,1,'2013-10-05 21:13:13'),(6,5,'assumenda',1,0,'2015-10-12 09:27:24'),(7,3,'doloribus',0,1,'2019-02-20 23:23:44'),(8,5,'consequatur',0,0,'2018-08-04 04:45:23'),(9,2,'consequuntur',0,0,'2020-04-27 08:40:44'),(10,5,'minima',0,1,'2016-04-05 22:44:55');
/*!40000 ALTER TABLE `price_type` ENABLE KEYS */;
UNLOCK TABLES;

--
-- Temporary view structure for view `product_information`
--

DROP TABLE IF EXISTS `product_information`;
/*!50001 DROP VIEW IF EXISTS `product_information`*/;
SET @saved_cs_client     = @@character_set_client;
/*!50503 SET character_set_client = utf8mb4 */;
/*!50001 CREATE VIEW `product_information` AS SELECT 
 1 AS `product`,
 1 AS `brand`,
 1 AS `name`,
 1 AS `price`,
 1 AS `abbreviation`,
 1 AS `catalogs`*/;
SET character_set_client = @saved_cs_client;

--
-- Table structure for table `product_related`
--

DROP TABLE IF EXISTS `product_related`;
/*!40101 SET @saved_cs_client     = @@character_set_client */;
/*!50503 SET character_set_client = utf8mb4 */;
CREATE TABLE `product_related` (
  `product_id` int unsigned NOT NULL COMMENT 'ID товара product_id => products.id',
  `related_product_id` int unsigned NOT NULL COMMENT 'ID связанного товара related_product_id => products.id',
  `sort` smallint NOT NULL DEFAULT '0' COMMENT 'Порядок сортировки(приоритета), большее значение ниже в списке.',
  `source` smallint NOT NULL DEFAULT '0' COMMENT 'Источник связи',
  `created_at` datetime DEFAULT CURRENT_TIMESTAMP,
  `updated_at` datetime DEFAULT CURRENT_TIMESTAMP ON UPDATE CURRENT_TIMESTAMP,
  PRIMARY KEY (`product_id`,`related_product_id`),
  KEY `product_related_related_product_id_fk` (`related_product_id`),
  CONSTRAINT `product_related_related_product_id_fk` FOREIGN KEY (`related_product_id`) REFERENCES `products` (`id`)
) ENGINE=InnoDB DEFAULT CHARSET=utf8mb4 COLLATE=utf8mb4_unicode_ci COMMENT='Таблица связи товаров';
/*!40101 SET character_set_client = @saved_cs_client */;

--
-- Dumping data for table `product_related`
--

LOCK TABLES `product_related` WRITE;
/*!40000 ALTER TABLE `product_related` DISABLE KEYS */;
INSERT INTO `product_related` VALUES (1,88,10,9,'2016-03-24 17:40:11','2017-04-10 05:28:07'),(4,11,10,3,'2013-08-21 11:31:59','2018-01-09 20:50:19'),(6,8,10,3,'2016-11-22 01:48:09','2021-05-21 23:51:53'),(6,38,10,8,'2020-04-05 00:49:28','2021-05-21 23:51:53'),(7,56,6,8,'2014-02-15 07:33:44','2016-12-21 22:36:30'),(11,38,1,4,'2013-04-25 03:04:16','2015-02-21 06:42:02'),(11,87,10,7,'2020-09-22 16:41:26','2021-05-21 23:51:53'),(11,88,9,5,'2016-12-21 04:46:33','2021-05-21 23:51:53'),(12,24,6,2,'2017-05-16 05:53:54','2021-05-21 23:51:53'),(13,61,2,10,'2019-11-02 03:23:23','2021-05-21 23:51:53'),(14,83,6,2,'2019-04-18 10:47:46','2020-02-08 19:30:36'),(16,18,5,7,'2019-07-01 14:58:39','2021-05-21 23:51:53'),(16,19,7,4,'2015-02-09 06:18:19','2021-05-21 23:51:53'),(17,30,7,7,'2016-12-02 14:03:32','2018-07-07 06:27:28'),(20,33,3,8,'2016-04-27 02:00:56','2018-07-31 06:01:11'),(20,43,10,7,'2014-01-02 04:48:58','2016-06-29 11:52:52'),(21,50,3,3,'2020-10-12 04:57:56','2021-05-21 23:51:53'),(22,81,9,8,'2020-12-28 01:59:01','2021-05-21 23:51:53'),(22,97,5,9,'2015-10-12 04:55:33','2021-05-21 23:51:53'),(24,79,3,8,'2017-12-18 06:29:18','2021-05-21 23:51:53'),(24,86,6,6,'2016-01-14 23:54:50','2019-07-10 15:17:19'),(25,90,7,1,'2013-11-06 20:25:14','2018-04-07 05:11:54'),(26,11,8,1,'2020-03-11 11:21:23','2021-05-21 23:51:53'),(26,21,10,5,'2017-10-02 20:17:38','2021-05-21 23:51:53'),(27,85,10,4,'2014-11-16 23:32:53','2021-05-21 23:51:53'),(29,45,9,9,'2018-08-09 04:46:21','2021-05-21 23:51:53'),(29,92,6,5,'2020-05-20 04:25:31','2021-05-21 23:51:53'),(30,9,1,8,'2020-11-13 07:25:22','2021-05-21 23:51:53'),(30,17,9,6,'2012-05-02 11:13:35','2019-02-04 07:31:27'),(30,19,5,8,'2013-11-25 19:45:17','2020-06-14 11:32:02'),(30,79,3,6,'2014-12-12 04:09:23','2016-12-21 01:07:51'),(31,45,9,6,'2014-11-06 07:36:45','2019-01-07 15:38:38'),(31,68,8,2,'2021-04-20 14:32:49','2021-05-21 23:51:53'),(31,70,8,1,'2012-02-27 23:10:13','2017-08-26 19:53:46'),(34,80,7,3,'2011-10-02 10:10:48','2015-07-22 19:00:59'),(35,16,9,9,'2016-02-20 10:22:02','2019-08-25 20:30:37'),(37,39,8,3,'2014-05-01 12:44:41','2018-04-09 01:44:34'),(37,69,5,2,'2019-01-07 21:29:50','2021-05-21 23:51:53'),(38,11,8,2,'2018-06-23 17:18:38','2021-05-21 23:51:53'),(38,70,8,3,'2012-09-19 01:03:26','2013-06-13 00:03:56'),(40,92,3,5,'2012-07-22 06:20:12','2016-03-21 18:48:01'),(42,12,10,3,'2021-04-27 20:43:44','2021-05-21 23:51:53'),(42,16,7,2,'2015-09-23 09:33:42','2021-05-21 23:51:53'),(42,27,7,6,'2015-01-03 23:39:40','2020-04-16 00:43:32'),(42,35,1,2,'2013-11-21 19:55:39','2019-11-18 23:14:42'),(44,16,4,1,'2015-02-01 01:44:51','2021-05-21 23:51:53'),(44,27,7,2,'2016-07-02 13:26:43','2020-03-23 00:25:42'),(44,50,2,9,'2016-09-30 07:15:10','2021-05-21 23:51:53'),(45,1,1,2,'2014-07-01 20:22:54','2018-08-10 03:37:37'),(45,19,10,2,'2016-12-31 20:54:49','2021-05-21 23:51:53'),(45,69,9,4,'2015-04-20 19:10:33','2018-06-12 22:23:15'),(48,13,1,9,'2013-10-08 22:00:58','2017-10-27 15:23:19'),(50,25,9,6,'2013-06-16 13:31:37','2016-05-22 23:49:41'),(50,61,8,2,'2017-10-07 04:33:07','2021-05-21 23:51:53'),(51,54,6,10,'2011-12-28 06:09:04','2016-08-28 04:53:16'),(53,32,1,6,'2021-01-03 23:37:39','2021-05-21 23:51:53'),(54,53,3,2,'2020-09-16 00:17:21','2021-05-21 23:51:53'),(55,54,5,3,'2011-07-11 16:46:27','2017-03-27 23:15:28'),(55,91,2,8,'2014-04-01 07:57:21','2017-01-10 01:53:05'),(56,73,8,1,'2012-12-24 11:27:01','2020-04-07 04:45:43'),(56,92,4,8,'2019-09-13 07:22:42','2021-05-21 23:51:53'),(57,21,5,10,'2014-06-04 01:45:12','2019-05-16 01:57:37'),(57,94,9,6,'2016-07-08 12:45:12','2021-05-21 23:51:53'),(58,12,5,8,'2019-11-11 08:45:55','2021-05-21 23:51:53'),(60,41,5,2,'2011-11-28 04:58:12','2017-07-05 12:29:54'),(61,48,7,9,'2018-06-12 09:57:21','2021-05-21 23:51:53'),(62,30,9,8,'2013-07-24 03:00:01','2017-06-02 09:59:30'),(62,84,1,5,'2021-03-19 07:44:52','2021-05-21 23:51:53'),(63,45,9,8,'2017-10-19 02:43:40','2018-08-15 06:48:03'),(63,50,4,9,'2021-04-09 13:22:56','2021-05-21 23:51:53'),(63,72,1,6,'2017-01-23 17:22:03','2021-05-21 23:51:53'),(64,15,1,4,'2012-06-24 11:50:51','2015-05-21 00:31:56'),(64,26,5,2,'2016-07-31 11:30:14','2021-05-21 23:51:53'),(64,55,4,3,'2020-08-02 11:29:43','2021-05-21 23:51:53'),(65,92,5,8,'2017-11-12 01:51:10','2021-05-21 23:51:53'),(67,59,3,4,'2014-10-10 17:32:21','2021-05-21 23:51:53'),(69,26,9,8,'2013-07-15 19:36:48','2016-07-24 01:43:03'),(69,28,9,3,'2017-05-24 06:37:59','2021-05-21 23:51:53'),(72,52,7,10,'2020-08-03 11:49:46','2021-05-21 23:51:53'),(72,87,3,9,'2015-06-25 01:30:47','2016-10-17 23:09:56'),(73,74,10,5,'2016-05-08 23:38:43','2021-05-21 23:51:53'),(76,12,3,3,'2020-05-28 01:56:21','2021-05-21 23:51:53'),(80,36,7,8,'2018-01-06 17:24:28','2021-01-04 12:50:20'),(81,23,9,5,'2012-03-17 02:17:36','2016-10-13 20:14:32'),(81,28,4,1,'2015-03-11 10:29:57','2021-05-21 23:51:53'),(82,12,7,4,'2014-10-09 16:16:08','2021-05-21 23:51:53'),(83,18,7,8,'2016-10-08 19:13:09','2021-05-21 23:51:53'),(86,38,1,6,'2014-07-09 04:21:25','2021-05-21 23:51:53'),(88,76,10,2,'2014-06-10 22:07:54','2019-03-18 17:28:15'),(89,25,9,10,'2011-09-12 16:31:16','2017-03-10 17:52:08'),(89,73,1,1,'2014-07-28 00:18:16','2021-05-21 23:51:53'),(90,78,1,10,'2019-05-31 00:27:11','2020-01-23 05:03:53'),(90,80,8,7,'2016-11-30 09:06:54','2020-09-15 22:05:46'),(91,10,1,9,'2013-11-08 06:14:49','2019-06-12 11:40:15'),(91,53,7,2,'2020-12-28 23:38:41','2021-05-21 23:51:53'),(94,10,9,1,'2016-11-25 08:15:46','2021-05-21 23:51:53'),(94,64,2,7,'2016-11-06 14:47:25','2017-08-19 10:13:16'),(98,15,10,5,'2017-06-20 17:45:31','2021-05-21 23:51:53'),(98,72,4,8,'2019-10-05 00:59:35','2021-05-21 23:51:53');
/*!40000 ALTER TABLE `product_related` ENABLE KEYS */;
UNLOCK TABLES;

--
-- Table structure for table `products`
--

DROP TABLE IF EXISTS `products`;
/*!40101 SET @saved_cs_client     = @@character_set_client */;
/*!50503 SET character_set_client = utf8mb4 */;
CREATE TABLE `products` (
  `id` int unsigned NOT NULL AUTO_INCREMENT,
  `article` varchar(60) NOT NULL COMMENT 'Артикул продукта',
  `code_manufacturer` varchar(80) DEFAULT NULL COMMENT 'Код производителя',
  `manufacturer` varchar(255) DEFAULT NULL COMMENT 'Производитель, название',
  `name_of_manufacturer` text COMMENT 'Название от производителя',
  `unit_name` varchar(30) DEFAULT NULL COMMENT 'Название единицы измерения (шт, м)',
  `gallery_id` int unsigned DEFAULT NULL COMMENT 'Cсылка на изображение товара',
  `new_image_flag` tinyint(1) NOT NULL DEFAULT '0' COMMENT 'Флаг, показывающий что изменен image_url',
  `brand_id` int unsigned DEFAULT NULL COMMENT 'Бренд (brand.id)',
  `catalog_id` int unsigned DEFAULT NULL COMMENT 'Раздел каталога (catalogs_section.id)',
  `created_at` datetime DEFAULT CURRENT_TIMESTAMP,
  `updated_at` datetime DEFAULT CURRENT_TIMESTAMP ON UPDATE CURRENT_TIMESTAMP,
  PRIMARY KEY (`id`),
  KEY `products_brand_id_fk` (`brand_id`),
  KEY `products_catalog_id_fk` (`catalog_id`),
  KEY `products_gallery_id_fk` (`gallery_id`),
  KEY `products_article_idx` (`article`),
  KEY `products_code_manufacturer_idx` (`code_manufacturer`),
  CONSTRAINT `products_brand_id_fk` FOREIGN KEY (`brand_id`) REFERENCES `brands` (`id`),
  CONSTRAINT `products_catalog_id_fk` FOREIGN KEY (`catalog_id`) REFERENCES `catalogs` (`id`),
  CONSTRAINT `products_gallery_id_fk` FOREIGN KEY (`gallery_id`) REFERENCES `gallery` (`id`)
) ENGINE=InnoDB AUTO_INCREMENT=101 DEFAULT CHARSET=utf8mb4 COLLATE=utf8mb4_0900_ai_ci COMMENT='Таблица продуктов';
/*!40101 SET character_set_client = @saved_cs_client */;

--
-- Dumping data for table `products`
--

LOCK TABLES `products` WRITE;
/*!40000 ALTER TABLE `products` DISABLE KEYS */;
INSERT INTO `products` VALUES (1,'8866','453','Maggio, Hilll and Fritsch','PLC','doloremque',46,0,87,22,'2012-06-03 08:38:18','2021-05-21 21:38:32'),(2,'8158','1203','Collins, Hessel and Blanda','Ltd','maiores',27,0,27,40,'2015-05-26 16:29:45','2021-05-21 21:38:32'),(3,'5209','4410','Glover-Heidenreich','Inc','exercitationem',14,0,93,25,'2015-09-21 08:07:28','2021-05-21 21:38:32'),(4,'8393','7589','Stehr LLC','Ltd','veniam',75,1,31,23,'2011-09-20 04:25:35','2013-06-21 07:15:24'),(5,'8239','5465','Nader, Strosin and Prosacco','PLC','reiciendis',95,1,17,27,'2013-03-19 22:20:14','2021-05-05 19:44:46'),(6,'5188','5855','Hodkiewicz, Kautzer and Moen','Ltd','cum',75,1,11,40,'2020-12-22 01:13:20','2015-04-02 12:17:08'),(7,'847','9997','Jerde PLC','Ltd','et',18,1,1,1,'2020-02-25 09:38:17','2014-12-17 23:25:39'),(8,'1038','7543','Brown Ltd','and Sons','quisquam',47,0,37,36,'2019-09-16 19:22:50','2021-05-21 21:38:32'),(9,'1772','7515','Satterfield Inc','and Sons','quod',84,1,54,30,'2021-05-02 16:43:46','2020-11-14 16:01:29'),(10,'873','26','Rohan-Keeling','Group','inventore',66,1,52,11,'2012-08-03 17:58:17','2021-05-21 21:38:32'),(11,'9242','257','Weimann Group','Inc','eum',8,0,19,12,'2011-10-16 07:19:21','2021-05-21 21:38:32'),(12,'6362','3905','D\'Amore, Lang and Stiedemann','and Sons','temporibus',90,1,65,14,'2020-05-19 11:14:32','2021-05-21 21:38:32'),(13,'8961','2754','Hoppe Inc','Ltd','dolorem',28,0,74,22,'2021-03-16 08:10:25','2017-10-31 01:01:46'),(14,'534','7365','Reichert, Jerde and Ryan','and Sons','et',9,0,6,11,'2016-05-22 08:35:34','2020-02-15 16:57:44'),(15,'199','1860','Wiegand PLC','and Sons','quaerat',80,1,22,15,'2011-11-12 12:55:30','2021-05-21 21:38:32'),(16,'2767','4019','Jones-Larkin','LLC','beatae',76,1,55,1,'2012-12-10 00:31:28','2021-05-21 21:38:32'),(17,'8851','7586','Ritchie-Stehr','and Sons','aut',75,1,41,28,'2014-06-11 20:49:36','2013-04-28 12:20:02'),(18,'3861','3533','O\'Hara-Senger','PLC','quos',84,0,27,17,'2017-10-02 01:35:27','2021-05-21 21:38:33'),(19,'9877','7592','Schuppe, Wehner and Hane','LLC','libero',96,0,77,11,'2017-04-22 02:03:05','2016-04-09 09:09:59'),(20,'2190','785','Hickle, Emmerich and Blanda','LLC','quo',19,1,6,34,'2012-07-23 01:59:06','2018-10-05 12:44:14'),(21,'4961','1438','Jacobs Inc','Ltd','sit',85,1,34,2,'2013-05-12 11:57:43','2021-05-21 21:38:33'),(22,'3778','3466','Runte-Bauch','Ltd','quam',26,0,83,38,'2014-10-28 01:15:27','2013-12-10 03:51:45'),(23,'4114','398','Ernser, Ward and Luettgen','LLC','alias',12,1,34,3,'2020-03-05 23:15:15','2021-05-21 21:38:33'),(24,'9686','2892','Hand-Kshlerin','PLC','et',9,1,93,6,'2018-08-10 02:10:35','2021-05-21 21:38:33'),(25,'2861','1221','Koch, Fritsch and Langosh','PLC','quis',26,1,14,7,'2011-09-25 16:40:07','2021-05-21 21:38:33'),(26,'4610','8070','Hamill, Bashirian and Kovacek','Inc','qui',16,1,55,14,'2011-10-26 16:11:52','2018-03-28 22:31:42'),(27,'9763','7994','Champlin Group','Ltd','praesentium',68,0,41,13,'2016-02-20 07:50:34','2013-08-06 10:35:43'),(28,'7482','1065','Abernathy PLC','and Sons','qui',29,1,95,8,'2018-01-17 15:42:12','2021-05-21 21:38:33'),(29,'4813','9016','Gaylord LLC','Ltd','magnam',5,1,9,9,'2012-03-04 23:47:32','2021-05-21 21:38:33'),(30,'8215','3108','Nikolaus PLC','PLC','vel',98,0,39,31,'2017-06-03 05:25:47','2021-05-21 21:38:33'),(31,'8606','6038','Stanton Inc','Group','et',81,0,79,13,'2014-05-03 15:10:03','2019-01-29 03:35:45'),(32,'3037','8786','Littel, Kshlerin and Marvin','PLC','et',38,1,25,6,'2021-02-16 12:19:40','2017-04-28 21:27:47'),(33,'8936','3461','Fay, Nienow and Turcotte','and Sons','et',46,0,82,33,'2015-08-15 06:19:22','2021-05-21 21:38:33'),(34,'6956','1100','Kozey, Boyle and Beer','Ltd','delectus',10,0,86,18,'2014-06-10 08:16:46','2012-03-21 05:01:04'),(35,'8651','4602','Cormier Inc','Group','voluptatem',15,0,48,34,'2015-01-13 15:33:49','2021-05-21 21:38:33'),(36,'7610','4712','Auer-Block','PLC','modi',31,0,13,22,'2014-11-09 02:21:00','2015-07-03 10:07:20'),(37,'473','1436','Conroy-Kuhlman','Ltd','inventore',99,0,38,27,'2018-11-05 02:53:15','2021-05-21 21:38:33'),(38,'4803','3306','Collins, Kling and Hegmann','Inc','sint',11,1,11,13,'2012-02-15 07:11:20','2021-05-21 21:38:33'),(39,'6926','9994','McDermott-Wiegand','Inc','voluptas',88,1,17,19,'2011-08-30 19:54:43','2016-12-14 05:45:49'),(40,'3845','1173','Hegmann, Funk and Swift','Ltd','facilis',90,0,42,26,'2015-07-24 09:53:21','2014-04-05 01:48:49'),(41,'285','2384','Dickinson, Mills and Flatley','PLC','eum',48,0,96,18,'2017-12-13 21:58:37','2021-05-21 21:38:33'),(42,'656','2358','Mann-Bosco','Inc','voluptatem',94,0,76,39,'2017-12-06 21:29:20','2011-07-17 07:39:59'),(43,'8259','9569','Bins, Reichert and Volkman','LLC','optio',69,1,95,14,'2012-03-19 23:31:24','2021-05-21 21:38:33'),(44,'4312','6763','Nikolaus, King and Moore','LLC','illo',3,1,33,7,'2021-05-07 11:52:19','2021-05-21 21:38:34'),(45,'7780','6665','Kuhn and Sons','Ltd','et',62,0,45,5,'2018-12-18 02:57:27','2021-05-21 21:38:34'),(46,'2714','4854','Grimes LLC','and Sons','amet',44,0,18,6,'2019-07-06 18:04:12','2021-05-21 21:38:34'),(47,'4449','9804','Schamberger, Little and Stokes','and Sons','minima',5,1,33,2,'2020-09-10 16:13:48','2021-05-21 21:38:34'),(48,'2374','9208','Lehner, Dickinson and Blanda','Group','ut',4,1,60,25,'2015-08-11 10:06:50','2021-05-21 21:38:34'),(49,'8991','2355','Collier-Casper','PLC','quam',53,1,11,24,'2015-06-23 06:03:17','2021-05-21 21:38:34'),(50,'4391','9398','Bode, Lehner and Moore','Ltd','odio',97,1,60,14,'2018-07-31 07:29:43','2017-06-08 11:28:42'),(51,'6712','690','Hauck, Lueilwitz and Sipes','LLC','praesentium',79,0,21,23,'2018-05-16 03:48:11','2021-05-21 21:38:34'),(52,'198','2512','Rempel Ltd','PLC','quia',99,0,36,36,'2021-01-07 13:17:11','2021-05-21 21:38:34'),(53,'9944','5938','Moore-Kshlerin','PLC','deserunt',85,0,33,40,'2018-02-20 02:17:38','2015-01-05 08:59:36'),(54,'2820','505','Walsh and Sons','PLC','omnis',79,1,74,38,'2020-03-29 20:07:17','2021-05-21 21:38:34'),(55,'6177','5797','Emard Inc','LLC','ad',59,1,50,33,'2020-10-20 22:42:25','2021-05-21 21:38:34'),(56,'413','9035','Hackett, Nader and Hegmann','and Sons','voluptatem',30,1,5,40,'2019-09-15 11:50:04','2011-09-26 20:06:21'),(57,'4180','3707','Green Inc','PLC','illum',8,1,53,31,'2012-04-12 08:35:47','2021-05-21 21:38:34'),(58,'610','2071','Gottlieb and Sons','PLC','quos',3,1,89,21,'2017-06-19 22:02:19','2021-05-21 21:38:34'),(59,'3396','8251','Mraz-Huel','Group','dolorem',54,0,7,11,'2015-07-27 18:39:30','2019-04-13 16:14:47'),(60,'4363','8962','Bauch-Anderson','Group','eos',45,1,25,2,'2020-04-21 13:01:56','2018-04-10 20:30:30'),(61,'8082','2075','Tremblay-Kulas','Ltd','est',79,1,57,20,'2016-06-18 22:38:28','2018-02-03 19:44:25'),(62,'4152','9114','Stroman-Weissnat','PLC','fugiat',5,0,44,36,'2016-06-26 23:20:13','2021-05-21 21:38:34'),(63,'9311','6522','Roob-McLaughlin','Ltd','similique',63,1,73,40,'2011-07-24 15:51:17','2012-07-25 22:23:15'),(64,'5650','8780','Turner and Sons','LLC','rerum',24,0,83,20,'2011-12-24 01:26:21','2013-03-10 09:28:48'),(65,'7533','9011','Boyle-Walker','PLC','facilis',16,1,95,37,'2013-09-16 14:48:37','2021-05-21 21:38:35'),(66,'2864','4993','Baumbach and Sons','LLC','aut',50,0,84,1,'2020-06-11 07:40:13','2021-05-21 21:38:35'),(67,'6393','1677','Robel and Sons','and Sons','voluptatibus',80,1,98,22,'2016-06-18 12:26:11','2021-05-21 21:38:35'),(68,'1385','603','Rau, Lang and Adams','Inc','tempore',84,1,8,3,'2018-06-25 01:01:16','2012-11-17 12:20:27'),(69,'4396','3819','Ortiz-VonRueden','PLC','repellat',48,1,37,33,'2012-12-07 01:12:10','2015-04-25 01:06:11'),(70,'1723','1474','Nicolas-Fisher','Group','neque',100,0,50,27,'2012-10-25 09:06:17','2013-03-15 02:02:50'),(71,'5043','6379','Bashirian, Spencer and Waelchi','Inc','aut',58,1,95,7,'2017-06-05 00:14:46','2019-11-08 06:46:31'),(72,'3172','1781','Leuschke, Swift and Rolfson','Group','nostrum',4,1,47,24,'2014-05-04 23:48:25','2021-05-21 21:38:35'),(73,'7855','3977','Lubowitz, Zboncak and Gerlach','PLC','quod',95,1,97,25,'2011-12-09 23:49:33','2021-05-21 21:38:35'),(74,'3538','9064','Sporer-Langworth','Ltd','voluptatem',41,0,99,35,'2014-09-19 14:50:11','2021-05-21 21:38:35'),(75,'9367','8018','Goldner Group','and Sons','ullam',34,0,74,8,'2020-06-20 21:42:03','2013-02-11 07:11:17'),(76,'6373','7597','Renner, Kuvalis and Aufderhar','Inc','repellat',81,1,30,39,'2017-09-19 20:44:10','2021-05-21 21:38:35'),(77,'1427','4176','Huel-Collier','Ltd','dolore',87,1,76,19,'2015-05-01 19:30:36','2021-05-21 21:38:35'),(78,'9742','8523','Kohler, Prosacco and Paucek','Ltd','tempore',41,1,10,18,'2021-01-02 03:09:28','2021-05-21 21:38:35'),(79,'9966','895','Schimmel LLC','and Sons','sapiente',18,0,11,17,'2015-01-27 05:24:23','2021-05-21 21:38:35'),(80,'6940','3469','Hagenes-Reichert','PLC','sed',11,1,18,12,'2019-03-26 03:19:17','2012-08-09 00:08:27'),(81,'1037','4680','Denesik Ltd','LLC','eius',55,1,28,16,'2017-02-12 05:00:52','2019-11-06 10:11:39'),(82,'8334','8281','Wisozk Inc','LLC','fugiat',79,1,10,6,'2019-04-17 21:51:26','2015-02-10 10:43:50'),(83,'3016','9426','Hyatt-Cummerata','PLC','inventore',26,1,11,15,'2014-04-22 08:08:37','2021-05-21 21:38:35'),(84,'2957','7334','Emard, Carroll and Cartwright','LLC','natus',27,1,16,14,'2020-03-16 05:10:44','2021-05-21 21:38:35'),(85,'6403','3920','Aufderhar, Kemmer and Weimann','Ltd','unde',6,0,79,21,'2014-07-05 11:10:47','2013-03-23 17:39:15'),(86,'8499','5845','Bartell LLC','Group','odio',12,1,61,25,'2018-10-02 06:58:21','2021-05-21 21:38:35'),(87,'3297','8764','Bednar Ltd','and Sons','fugiat',80,0,18,34,'2012-01-01 12:03:57','2013-12-31 20:37:59'),(88,'5099','392','Boyer, Yost and White','Group','repellendus',63,1,51,30,'2014-12-08 17:40:32','2021-05-21 21:38:35'),(89,'8754','8701','Goyette Ltd','Inc','ipsum',53,1,6,31,'2018-11-15 02:16:45','2021-05-21 21:38:36'),(90,'517','6630','Tromp Inc','PLC','repellat',86,1,90,4,'2019-01-24 04:41:59','2013-04-09 14:23:20'),(91,'1437','5827','Bernhard, Farrell and Rau','LLC','pariatur',75,0,17,25,'2012-07-15 13:58:28','2021-05-21 21:38:36'),(92,'760','8585','Runolfsson-Mayer','Inc','voluptate',97,1,54,14,'2020-05-30 12:12:28','2021-05-21 21:38:36'),(93,'3143','6704','Oberbrunner PLC','PLC','quasi',71,1,60,11,'2018-03-04 19:24:58','2021-05-21 21:38:36'),(94,'8506','9309','Auer-Johns','LLC','error',87,0,79,25,'2017-04-02 13:41:18','2021-05-21 21:38:36'),(95,'2400','1382','Gleichner and Sons','Group','perferendis',84,1,66,26,'2013-04-29 20:47:48','2021-05-21 21:38:36'),(96,'8884','2470','Waelchi Group','Group','magnam',62,0,91,30,'2018-10-08 02:03:41','2020-11-13 04:20:45'),(97,'4721','1943','Hermann, Hills and Wolf','Ltd','modi',97,1,48,12,'2015-03-15 16:34:54','2013-12-01 04:38:28'),(98,'418','6396','Ledner, Zieme and Connelly','LLC','enim',85,0,50,35,'2021-03-05 03:07:20','2021-05-21 21:38:36'),(99,'4834','2162','Murazik PLC','Ltd','et',12,1,53,33,'2019-10-11 07:12:16','2021-05-21 21:38:36'),(100,'342','9858','Kutch-Abernathy','LLC','vel',68,1,16,34,'2013-05-02 05:37:33','2021-05-21 21:38:36');
/*!40000 ALTER TABLE `products` ENABLE KEYS */;
UNLOCK TABLES;

--
-- Table structure for table `products_analog`
--

DROP TABLE IF EXISTS `products_analog`;
/*!40101 SET @saved_cs_client     = @@character_set_client */;
/*!50503 SET character_set_client = utf8mb4 */;
CREATE TABLE `products_analog` (
  `product_id` int unsigned NOT NULL COMMENT 'ID товара product_id => products.id',
  `analog_product_id` int unsigned NOT NULL COMMENT 'ID товара аналога analog_product_id => products.id',
  `sort` smallint NOT NULL DEFAULT '0' COMMENT 'Порядок сортировки(приоритета), большее значение ниже в списке',
  PRIMARY KEY (`product_id`,`analog_product_id`),
  KEY `products_analog_product_id_fk` (`analog_product_id`),
  CONSTRAINT `products_analog_product_id_fk` FOREIGN KEY (`analog_product_id`) REFERENCES `products` (`id`),
  CONSTRAINT `products_product_id_fk` FOREIGN KEY (`product_id`) REFERENCES `products` (`id`)
) ENGINE=InnoDB DEFAULT CHARSET=utf8mb4 COLLATE=utf8mb4_unicode_ci COMMENT='Таблица предлагаемых аналогов';
/*!40101 SET character_set_client = @saved_cs_client */;

--
-- Dumping data for table `products_analog`
--

LOCK TABLES `products_analog` WRITE;
/*!40000 ALTER TABLE `products_analog` DISABLE KEYS */;
INSERT INTO `products_analog` VALUES (3,50,1),(3,52,4),(3,60,10),(6,7,3),(6,54,9),(6,84,7),(7,16,10),(7,47,3),(7,59,10),(8,51,2),(9,84,4),(10,15,6),(10,19,10),(10,31,2),(10,73,6),(14,6,10),(14,75,10),(16,88,9),(18,15,9),(20,31,4),(20,73,1),(21,43,1),(22,77,7),(23,32,9),(23,92,3),(26,72,3),(27,70,7),(30,16,5),(32,93,8),(33,51,8),(34,60,7),(35,26,7),(35,41,3),(36,30,8),(39,19,3),(40,60,10),(40,78,10),(41,80,7),(45,51,4),(45,100,9),(46,5,8),(46,55,6),(46,73,10),(47,47,5),(48,13,2),(48,80,4),(49,4,7),(49,61,7),(49,68,2),(52,10,9),(52,23,4),(55,53,4),(57,84,10),(59,28,8),(60,40,6),(60,53,1),(60,63,6),(61,57,7),(61,80,7),(62,45,2),(62,70,4),(62,98,8),(63,78,7),(63,85,4),(64,76,9),(65,96,10),(68,77,5),(69,76,9),(70,85,2),(70,89,9),(74,1,4),(75,31,5),(77,15,8),(77,30,6),(79,40,2),(79,58,4),(79,64,7),(80,10,10),(80,79,6),(81,57,4),(83,14,4),(84,54,4),(85,90,4),(87,63,6),(88,7,8),(88,9,8),(88,23,3),(88,49,2),(89,50,5),(90,84,2),(90,96,2),(91,6,8),(91,46,8),(92,51,6),(92,78,9),(93,47,6),(97,34,6),(97,58,3),(99,57,10),(99,67,1);
/*!40000 ALTER TABLE `products_analog` ENABLE KEYS */;
UNLOCK TABLES;

--
-- Table structure for table `profiles`
--

DROP TABLE IF EXISTS `profiles`;
/*!40101 SET @saved_cs_client     = @@character_set_client */;
/*!50503 SET character_set_client = utf8mb4 */;
CREATE TABLE `profiles` (
  `id` int unsigned NOT NULL AUTO_INCREMENT,
  `address` text CHARACTER SET utf8mb4 COLLATE utf8mb4_unicode_ci COMMENT 'Адрес',
  `phone` varchar(255) CHARACTER SET utf8mb4 COLLATE utf8mb4_unicode_ci DEFAULT NULL COMMENT 'Телефон',
  `another_phone` varchar(255) CHARACTER SET utf8mb4 COLLATE utf8mb4_unicode_ci DEFAULT NULL COMMENT 'Дополнительный телефон',
  `inn` varchar(12) CHARACTER SET utf8mb4 COLLATE utf8mb4_unicode_ci DEFAULT NULL COMMENT 'ИНН',
  `kpp` varchar(9) CHARACTER SET utf8mb4 COLLATE utf8mb4_unicode_ci DEFAULT NULL COMMENT 'КПП',
  `email` varchar(255) CHARACTER SET utf8mb4 COLLATE utf8mb4_unicode_ci DEFAULT NULL COMMENT 'Адрес электронной почты',
  `site` varchar(255) CHARACTER SET utf8mb4 COLLATE utf8mb4_unicode_ci DEFAULT NULL COMMENT 'Адрес сайта в сети Интернет',
  `bank_name` varchar(255) CHARACTER SET utf8mb4 COLLATE utf8mb4_unicode_ci DEFAULT NULL COMMENT 'Название банка',
  `bank_account` varchar(255) CHARACTER SET utf8mb4 COLLATE utf8mb4_unicode_ci DEFAULT NULL COMMENT 'Номер счета',
  `bank_cor_account` varchar(255) CHARACTER SET utf8mb4 COLLATE utf8mb4_unicode_ci DEFAULT NULL COMMENT 'Номер кор. счета',
  `bank_bik` varchar(255) CHARACTER SET utf8mb4 COLLATE utf8mb4_unicode_ci DEFAULT NULL COMMENT 'БИК',
  `director` varchar(255) CHARACTER SET utf8mb4 COLLATE utf8mb4_unicode_ci DEFAULT NULL COMMENT 'ФИО директора',
  `consignor` varchar(255) CHARACTER SET utf8mb4 COLLATE utf8mb4_unicode_ci DEFAULT NULL COMMENT 'Реквизиты грузоотправителя',
  `offer_for_legal_entities` text CHARACTER SET utf8mb4 COLLATE utf8mb4_unicode_ci COMMENT 'Оферта для юридических лиц',
  `offer_for_individuals` text CHARACTER SET utf8mb4 COLLATE utf8mb4_unicode_ci COMMENT '	Оферта для физических лиц',
  `created_at` datetime DEFAULT CURRENT_TIMESTAMP,
  `updated_at` datetime DEFAULT CURRENT_TIMESTAMP ON UPDATE CURRENT_TIMESTAMP,
  PRIMARY KEY (`id`),
  UNIQUE KEY `phone` (`phone`),
  UNIQUE KEY `inn` (`inn`),
  UNIQUE KEY `email` (`email`),
  KEY `profiles_phone_idx` (`phone`) COMMENT 'По телефону, очень часто производят поиск.',
  KEY `profiles_inn_idx` (`inn`) COMMENT 'По инн, очень часто ищут компании.'
) ENGINE=InnoDB AUTO_INCREMENT=101 DEFAULT CHARSET=utf8mb4 COLLATE=utf8mb4_unicode_ci COMMENT='Дополнительная информация для клиентов';
/*!40101 SET character_set_client = @saved_cs_client */;

--
-- Dumping data for table `profiles`
--

LOCK TABLES `profiles` WRITE;
/*!40000 ALTER TABLE `profiles` DISABLE KEYS */;
INSERT INTO `profiles` VALUES (1,'24735 Muller Harbors\nGottliebshire, AR 61826-3398','(440)413-2453','101.190.3570x6062','31544','19779','koss.oral@example.net','http://kunze.info/','eveniet','6886621','299324','35960','Miss Jazmyn Reynolds PhD','Voluptas tempora eaque soluta illum.','Excepturi qui ratione magnam ut inventore ex.','Nobis cum quas mollitia architecto qui vel.','2020-08-03 18:00:49','2021-05-22 00:00:11'),(2,'137 Shanelle Ports\nAnitamouth, KS 35562-5403','1-731-600-9820x68396','06750604575','22582','37946','kip77@example.net','http://kemmer.net/','et','609010','4487','11131','Mateo Heidenreich','Facilis in autem exercitationem dolorem vel et.','Non sed mollitia corrupti sequi.','Unde in unde magni.','2016-07-14 16:08:46','2018-11-08 23:20:19'),(3,'2740 Stephany Field Suite 926\nWest Adelineton, ME 00712','(048)690-5546x95182','1-951-499-7884x183','28297','26436','hgislason@example.net','http://douglas.com/','expedita','64778291','569496295','15279','Dr. Dayana Heaney','Aut est accusamus voluptatibus.','Qui natus tenetur sunt enim.','Culpa id quia velit.','2015-12-25 19:56:26','2021-05-22 00:00:11'),(4,'0209 Cremin Haven Suite 630\nWest Ulises, KS 70249-5806','329-255-8836','362-444-7973','28142','10685','mwalker@example.net','http://www.hillsschinner.org/','mollitia','51690','855','33902','Scot Walsh','Quis est explicabo in est dolorum.','Et dolor facilis repellat fuga autem.','Voluptas dignissimos aut dolores sapiente.','2018-05-15 07:34:50','2021-05-22 00:00:11'),(5,'75893 Blick Lodge\nNew Miguel, CO 04766','270-995-9453x407','718-526-2089x1705','23017','29427','vgleason@example.net','http://www.smitham.biz/','est','3','72437','30174','Mr. Robert Schmidt','Nisi et vitae maxime minima.','Et sit minus magnam.','Enim minima hic sunt et itaque.','2018-04-04 08:22:44','2021-05-22 00:00:11'),(6,'3903 Adella Divide\nNew Tevin, MO 15956-7151','265-832-3795x158','00661069143','34149','19262','riley18@example.org','http://www.morar.com/','voluptas','61','30636334','11827','Kailee Koss','Neque cumque repellendus suscipit sunt fuga.','Ipsam error nam qui. Est est ad ut unde.','Eos doloribus mollitia aut.','2016-09-20 00:49:55','2021-05-22 00:00:11'),(7,'4782 Gutkowski Divide Apt. 387\nIgnatiusville, SD 32698-0939','1-600-345-7428','796-536-4465x7173','31558','30999','daniel.jany@example.org','http://lesch.com/','assumenda','7','4843397','34520','Lourdes Jenkins','Sed labore ut neque dolorem ab minima expedita.','Aut adipisci quo et at vero nobis est quasi.','Nobis ducimus est dolorum iste est ex doloremque.','2016-02-11 07:53:41','2021-02-28 14:24:41'),(8,'392 Hammes Mountain Apt. 704\nNew Lacymouth, MS 87416-4317','+09(5)2971228737','824-133-9183x57462','25077','34698','toby94@example.org','http://www.stokes.net/','accusamus','598','','12129','Lourdes Beatty','Et hic quo aut molestias accusamus.','Ipsa porro asperiores sit quidem.','Et quo numquam ipsam.','2018-07-26 13:51:37','2021-05-22 00:00:11'),(9,'9106 Rylan Road\nLilianfurt, IA 72285-1506','1-881-260-6982','1-741-423-4597','27190','17495','lizzie.kuhlman@example.net','http://harvey.com/','illum','48','19866','38469','Jany Hyatt','Aut eos amet rerum velit. Eum sunt et hic unde.','Earum amet qui facilis nobis culpa eius.','Ut numquam animi nostrum hic voluptatem.','2016-03-14 09:20:53','2021-05-22 00:00:11'),(10,'197 Lucienne Path\nZachariahchester, VA 73417-2856','592-686-9922x249','179.415.9603x159','34249','20173','vtremblay@example.org','http://von.com/','et','29272','','17565','Dayana Okuneva IV','Omnis deleniti dolores vel laudantium impedit.','Accusantium esse dolor quo odio ipsum aut.','Non quo odio quia omnis.','2016-10-28 03:44:42','2021-05-22 00:00:11'),(11,'064 Botsford Rest Suite 780\nLake Jeanette, VA 33046-1880','1-511-186-2789','(161)982-6656x665','38610','30408','fae99@example.org','http://www.brekkemann.com/','et','68','96574','27344','Lavada Jerde III','Aut reiciendis quia cupiditate.','Corporis similique quas qui incidunt fugiat.','Quisquam tempora reiciendis aliquid ut ex id.','2017-10-12 21:33:02','2020-06-05 10:50:49'),(12,'20425 Donnelly Harbors Apt. 862\nSouth Sanford, IA 08707-7105','(500)628-3239','08017516892','13255','36089','helena99@example.com','http://moore.com/','ipsam','59617816','64649875','35401','Ottis Fadel','Doloremque vitae omnis laboriosam.','Sed facilis ut id nemo sunt.','Vitae sunt et enim similique omnis.','2013-01-06 17:02:15','2021-05-22 00:00:11'),(13,'135 Tess Burgs Suite 539\nLake Melisa, MN 78066-6415','02408667277','063-730-3729x61776','25187','27643','leora.kuhic@example.com','http://www.durgancollier.com/','veritatis','16','66548','21661','Benedict D\'Amore','Quaerat temporibus tenetur vel et.','Ut et rerum natus voluptatem id.','Aut cumque deleniti inventore ea voluptatem.','2014-12-20 19:04:53','2020-05-10 19:31:44'),(14,'237 Wyman Junctions\nNorth Bernice, TX 29976-1967','07928877915','(139)027-6765','17769','12345','sonia63@example.com','http://rohanfay.com/','laborum','40203','2482773','36824','Mr. Jeffry Considine','Aut rerum fugit iusto quo quo excepturi ea.','Iure nihil sapiente ex magni.','Culpa sequi corporis architecto ut ut.','2016-04-17 22:20:40','2021-05-22 00:00:11'),(15,'50663 Fritz Lakes Apt. 411\nBrannonport, MN 77951-3104','387-178-1388x34752','(197)258-6965x1446','30989','19005','dconsidine@example.org','http://maggio.net/','ducimus','9727378','7498382','14062','Miss Ressie Walsh','Veniam nemo autem vero voluptas adipisci.','Quasi tempore omnis et adipisci consectetur amet.','Facilis odit inventore sunt odio.','2016-05-11 07:25:02','2021-01-06 13:21:57'),(16,'421 Ethan Green Apt. 806\nSouth Sandrastad, LA 30090-3326','(157)423-7372x91474','1-984-566-5072x2952','19523','24992','august40@example.net','http://www.hahn.org/','placeat','351286','369','31453','Rickey Johnston','In iste dolore sit ad officiis vitae.','Quae unde asperiores sunt aliquam expedita et.','Ad voluptate ut dolores ipsam.','2018-05-04 14:47:15','2020-05-21 00:21:18'),(17,'46406 Amir Greens Suite 416\nLake Shirley, NC 43679-1399','411-816-3841x6764','(281)073-4247x98869','16268','17308','pkulas@example.org','http://rice.com/','inventore','','30','21360','Hailey Gislason MD','Sequi tempore magni ullam qui et enim voluptas.','Praesentium molestias quae dolore hic.','Incidunt quis quasi modi qui vel.','2015-12-29 02:48:48','2016-01-17 23:53:26'),(18,'40634 Graham Corner Apt. 275\nSouth Hassan, AK 14367','929.481.7262x43673','691-042-9354','32331','11835','gladyce.mckenzie@example.com','http://wisokymonahan.com/','distinctio','7829451','82615863','33031','Mr. Cristopher Kling III','Accusantium error perspiciatis vitae.','Eaque qui neque aut.','Repellendus culpa unde dolores occaecati.','2014-10-01 11:20:04','2020-12-18 05:00:27'),(19,'347 Ferne Turnpike Apt. 009\nEast Norvalport, WA 03055','567-654-5161x84399','(611)245-6419','11313','23952','esteban20@example.org','http://www.sanford.com/','sequi','157130937','7235','33158','Mafalda Beahan','Est mollitia delectus alias debitis.','Ullam qui animi quas rerum illo ea dicta quaerat.','Aut nesciunt voluptates hic est.','2016-05-12 02:36:14','2019-09-18 06:04:52'),(20,'07474 Nona Junction\nThielside, CA 58015-4327','05809955861','1-848-419-5432x5606','16549','38670','bergnaum.jaylen@example.com','http://www.prohaskarolfson.biz/','voluptates','587','11993743','19884','Prof. Abner Medhurst','Deserunt rerum sit qui dicta.','Et sapiente est asperiores beatae odit.','Rerum laudantium iusto esse et non et sunt.','2015-05-02 18:39:10','2018-08-21 12:17:26'),(21,'4841 Paolo Dale Apt. 356\nNew Vidal, ME 42466-6243','1-851-780-1638','834-883-3253','32576','36623','rosario85@example.org','http://www.bergeschumm.com/','voluptatem','750277536','6','15160','Lilla Emard DVM','Sed sit nihil molestiae esse.','Sit quo quos expedita atque vel.','Sequi quam necessitatibus qui.','2016-04-17 11:22:22','2021-01-14 12:19:46'),(22,'471 Oberbrunner Springs\nPort Roderickfurt, WA 94812-2378','(934)680-5321x541','09547402703','38232','38198','pink82@example.net','http://bernier.com/','praesentium','','6814','35841','Ms. Kaylin Breitenberg','Laborum quia qui voluptates ea incidunt.','Ad corrupti aperiam atque est.','Autem eligendi quia cumque.','2013-09-25 10:53:46','2020-12-07 11:51:42'),(23,'875 Bradtke Crossing\nClovisstad, MN 72397','677-730-2878x2381','121-224-9815x6807','24265','10781','hammes.ericka@example.com','http://carrollheathcote.com/','dolor','117556863','','30238','Dr. Lenora Bosco DDS','Et esse beatae ad itaque dignissimos quia.','Tempore quia delectus id consectetur nihil non.','Soluta dolorem est vel eum hic laborum.','2021-01-03 21:10:48','2021-05-22 00:00:11'),(24,'9804 Kuphal Camp\nLake Ahmedside, CA 05932','00487888145','1-927-809-0536x9045','28021','31543','cmurazik@example.com','http://bogisich.com/','laboriosam','25','90','34525','Sally Balistreri','Velit repellendus dicta quos dolorem.','Quae ab illum qui repellendus temporibus.','Pariatur quis laborum id.','2012-07-17 23:04:01','2018-07-27 04:45:51'),(25,'60946 Garland Forest\nJohnstown, AZ 46540','758.762.9921x3056','331.154.5286','17283','15110','wnikolaus@example.net','http://www.thompson.com/','animi','923','32309','38245','Prof. Jerrold Graham','Eius quaerat nihil enim quis tempore.','Eaque ex possimus deserunt dolore saepe.','Enim illo illum sint vel eum.','2014-10-08 06:00:24','2020-10-06 20:41:09'),(26,'4889 Maggie Course Suite 831\nWest Lessieville, LA 50807','03431355517','(539)791-6869x35068','28592','22547','runte.juliana@example.net','http://www.gorczany.com/','cupiditate','1','375234906','11944','Jayde Hammes','Sed ducimus et rerum.','Et amet fugit est corporis voluptates rerum.','Aperiam deserunt a commodi minima nihil.','2016-10-16 23:28:15','2021-05-22 00:00:11'),(27,'65854 Kshlerin Gardens Suite 271\nKurtisshire, AK 63145-8224','02898333384','1-242-616-2152','37878','25147','gaetano69@example.net','http://www.wiegand.org/','sint','8631','761229332','11144','Meagan Boyle','Distinctio soluta omnis et quae voluptas.','Corporis quo dolorem repellat vel voluptas.','Error voluptatum est aut.','2013-02-12 05:07:21','2016-02-04 22:49:13'),(28,'63697 Schowalter Ways Apt. 009\nPfefferland, TX 60786-6508','1-348-762-5622x682','(271)165-0512','17242','29003','aborer@example.org','http://gutkowski.com/','sunt','20860927','31388157','10851','Dr. Arvel Wisoky IV','Sit beatae porro nesciunt et non.','Qui ex iusto laudantium molestiae.','Odio omnis delectus illum.','2019-06-25 17:02:59','2021-05-22 00:00:11'),(29,'3298 Kassulke Pine Suite 236\nAxelborough, HI 83967-6884','01144893066','056-686-1127x5125','35548','21856','graham.gregorio@example.com','http://www.bechtelardaugherty.com/','et','8503951','624','32998','Donnie Lebsack','Officia sed expedita est eligendi adipisci.','Molestiae ut quam eum.','Dignissimos laboriosam suscipit repellendus et.','2018-03-17 16:55:17','2019-04-04 04:54:47'),(30,'5185 Labadie Avenue Apt. 686\nDickifurt, DE 86355-9689','963.268.9135','418-647-6834x01179','13417','29077','omckenzie@example.org','http://www.breitenberg.info/','voluptas','7','273404917','13317','Sophia Bechtelar','Nulla cumque at sunt aut sit non.','Voluptate ducimus minima animi.','Quia recusandae neque aut repudiandae.','2020-08-10 22:22:39','2021-05-22 00:00:11'),(31,'6706 Mazie Mountains\nLinaport, CT 78225-9123','260-423-9684x995','610-070-2709x682','37488','29825','bradly25@example.net','http://weimannullrich.org/','commodi','65333','4642787','34159','Haylie Kshlerin','Ullam natus ex voluptatem sunt pariatur.','Et reprehenderit cupiditate id unde delectus.','Ut est et aut ea.','2014-12-23 10:27:19','2020-09-13 21:58:39'),(32,'643 Herman Curve\nEast Kenyon, CT 59974','383-571-9247x2886','1-236-875-6545x79160','22663','31447','harmony97@example.org','http://www.mueller.com/','recusandae','55','8046','36291','Zoey Wolff','Molestias dolorem iusto ab excepturi aperiam.','Quia amet rerum aut voluptatum ea et.','Cumque sit architecto non laborum.','2013-05-05 07:55:59','2021-05-22 00:00:11'),(33,'43162 Aisha Plaza Apt. 926\nSouth Arvilla, WA 68364','1-461-399-0181','(415)087-5912x841','26897','37001','mara.hirthe@example.com','http://batz.com/','omnis','2699','461','18198','Mabelle Harris','Labore sunt quia a quis omnis non dolores.','Unde provident vitae velit qui eum doloremque.','Architecto et qui ut tempore ratione facere.','2015-12-11 11:01:10','2018-02-18 21:37:13'),(34,'83769 Larkin Turnpike Apt. 291\nWest Kasandramouth, NV 47800','857.596.3796x17062','03318109870','12868','32153','maximus.berge@example.net','http://oberbrunner.com/','autem','96','6','12593','Lue Mitchell IV','Architecto ducimus quae ex esse doloremque.','Aliquid vel repellendus dignissimos.','Enim culpa distinctio temporibus id.','2014-02-05 18:50:45','2021-01-05 01:37:01'),(35,'0603 Christopher Gateway Suite 689\nSouth Meaghanland, PA 48087','153-513-7753','1-329-251-1756x8232','19290','28307','michelle.mclaughlin@example.net','http://gaylord.com/','rerum','88283266','323','29696','Adolf Heathcote IV','Autem quis et non est est.','Et exercitationem et in qui et sapiente.','Placeat voluptatem maxime et et ea incidunt non.','2017-01-11 02:15:44','2017-03-06 13:25:41'),(36,'094 Gabriella Crossroad Apt. 905\nFerryville, FL 16573','552.794.1468x7888','1-035-168-6138x36882','15789','18039','glenna.dooley@example.net','http://daniel.com/','dolorem','62251','86813','24537','Willard Wiegand Sr.','Et rerum quasi consequatur.','Possimus perferendis doloremque ab minus.','Provident eligendi soluta placeat.','2020-09-04 13:29:30','2021-05-22 00:00:11'),(37,'132 Dominique Corner Apt. 889\nElveraborough, DC 61398','021.552.2121x1765','447-432-1034','24730','29159','nathaniel.kertzmann@example.net','http://ebert.org/','delectus','496','62218648','28473','Juwan Kunze','Maiores reprehenderit quas est velit et.','Sed consequuntur error dolorem dolor pariatur.','Omnis harum sit quo.','2015-03-28 03:25:54','2021-05-22 00:00:11'),(38,'89945 Roberta Meadow Suite 711\nNew Kelley, WY 91446','743-240-1482','(883)953-3336x55796','37223','20872','tomasa22@example.net','http://www.prosacco.com/','repellendus','91759','3','29291','Kelsie O\'Connell','Ab harum occaecati ut ex.','Corrupti dolores hic eius sed.','Molestias facere vitae id facilis quibusdam.','2020-03-07 19:02:18','2021-05-22 00:00:11'),(39,'5558 Feil Plaza Suite 165\nSouth Della, NJ 43168','1-521-782-9965x82694','1-704-415-3593x9745','25166','15926','pbradtke@example.org','http://www.kuvalis.biz/','quas','3','67417013','20827','Miss Imogene Jacobson Jr.','Voluptatem doloribus hic est.','Provident quia enim incidunt quia est.','Odio quia rem saepe suscipit.','2020-03-17 05:00:55','2021-05-22 00:00:11'),(40,'40533 Blanda Corners\nDeckowmouth, NV 59308','(598)524-5175','488-541-1253','20334','30418','johnston.karli@example.org','http://www.feeneylynch.com/','aut','5226','46','28033','Tina Schaden','Perferendis esse quis sed quasi.','Autem omnis rerum ea consectetur nihil.','Aperiam quia hic rerum laboriosam debitis iure.','2014-03-06 18:36:03','2021-05-22 00:00:11'),(41,'90626 Paula Locks\nWest Nathanial, ND 05621-5903','717.317.9105','+29(8)7844089689','17257','27429','jordyn18@example.org','http://www.oberbrunnerschoen.biz/','magni','8822253','94776599','11202','Edgar Hamill','Natus veniam minima est architecto officia.','Provident sunt ex nobis sint rem voluptatem.','Perferendis nihil ipsa praesentium et.','2011-10-01 17:18:32','2019-08-09 14:43:41'),(42,'61329 Koby Spring\nPort Katarina, NC 76188-9563','398-905-1539x9263','(641)686-1323x873','22341','24878','oebert@example.com','http://www.dibbert.org/','quasi','538','303806','22779','Major Keeling','Suscipit corrupti qui eius illum ut.','Iure fugit voluptatem et voluptas qui id.','Vitae voluptatem dignissimos optio vitae qui.','2017-07-28 00:32:15','2021-05-22 00:00:11'),(43,'4058 Sipes Ridge\nDollychester, MD 33034-3061','+00(4)7372093004','009-624-3307x9409','38834','30543','connie64@example.net','http://www.jaskolski.biz/','in','22','61247161','33515','Linnie Bashirian','Aut tempora quibusdam hic animi dicta aut odit.','Aliquid sed praesentium amet.','Ullam asperiores qui quis sequi nobis et.','2011-05-29 06:20:41','2015-07-26 16:10:23'),(44,'455 Noble Village Suite 106\nTimothyside, CO 11614-8230','(822)141-9215','+53(4)8900885456','24685','38975','ottis73@example.net','http://volkman.info/','accusamus','1','2462','24129','Dr. Dawn Kiehn DVM','Voluptas suscipit earum ab deserunt.','Nihil voluptatem odit et consequatur.','Dolorem sunt soluta sed rem itaque.','2018-08-17 20:46:31','2021-05-22 00:00:11'),(45,'3422 Alvina Groves\nSouth Ewaldbury, PA 66092-4228','(094)688-2595x1674','1-291-034-8819x3772','17794','27141','gutkowski.hester@example.org','http://www.leuschke.info/','ratione','71299273','8','35327','Bertha Wuckert','Exercitationem pariatur dolorem deleniti id.','Possimus animi magnam ut totam.','Est unde rerum maxime facilis blanditiis et.','2017-07-14 03:04:34','2021-05-22 00:00:11'),(46,'380 Reichert Lights Apt. 867\nWest Humberto, AK 06113','704-308-6574','+52(2)4522749840','14867','21861','lhowell@example.net','http://www.rath.com/','enim','26','55360','19979','Grayson Huel','Sit eos aliquid deleniti harum molestiae.','Voluptatem voluptas velit non.','Tempora mollitia et sit vel.','2013-05-04 16:55:55','2016-09-17 01:04:59'),(47,'613 Gus Knolls\nPort Maximilianstad, IL 78554-1806','801.472.9627x421','(782)815-6481x02778','18730','13011','emard.cindy@example.net','http://www.wolflakin.org/','nostrum','66','456148732','35049','Dr. Jonathan Reichert','Dolorem est non sed itaque sapiente cumque.','Sit optio adipisci culpa sed qui doloribus dolor.','Corrupti nemo dignissimos qui voluptatem.','2017-10-30 12:16:21','2021-05-22 00:00:11'),(48,'79372 Collier Isle\nGreenfeldertown, CT 75552','532.970.7243x93414','(403)661-7596x1057','35806','11285','schneider.jarrod@example.com','http://www.creminjast.com/','laborum','45266','','22066','Alfonso Langworth','Quia quam eius qui veniam.','Et non ad et nobis aut.','Sunt aut nihil et sint.','2018-01-06 12:47:52','2019-03-26 16:04:16'),(49,'8531 Brooklyn Cape\nLake Sandyville, NM 58283','359-844-1720x64732','07334710583','18353','37153','alivia80@example.net','http://www.willdietrich.org/','id','6064','','24391','Dr. Eloisa Abbott Sr.','Aut quo ab repellendus eum quia hic libero.','Veritatis veniam et deleniti tempora tempora.','Eius tenetur aut nemo.','2019-09-06 11:50:22','2020-05-12 01:42:56'),(50,'758 Valentin Parkways Apt. 037\nLake Rafaelafort, WA 79640-4267','(537)615-2595','(105)400-8980x05920','35416','20913','frieda.vonrueden@example.com','http://emmerich.net/','quia','693186445','86','38437','Prof. Lesley Borer Jr.','Illo laboriosam atque error.','Aut ea vero aut enim.','Provident sint omnis et magnam ut voluptatem.','2018-01-03 13:12:51','2018-05-11 04:06:36'),(51,'133 Parisian Stravenue\nDeshawnland, OR 31223','050-346-6739x8476','(375)115-7441x922','28207','12281','zion33@example.net','http://www.mcclure.net/','aliquid','183','217126','22020','Dr. Brielle Doyle','Quia qui ex facere voluptatem et.','Voluptatem maiores officiis molestiae cum.','Ea aut nihil sapiente aut.','2014-09-01 20:07:17','2018-04-18 10:25:33'),(52,'039 Gerhold Parkways Apt. 392\nEarnestburgh, ND 19873','(138)068-9542x887','1-945-056-1981','37343','38436','mathilde82@example.com','http://www.langosh.org/','laudantium','43949','46144833','33327','Griffin Maggio','Aut explicabo molestiae ad porro doloremque.','Dolor dolor dignissimos aperiam.','Ut dolor mollitia similique.','2018-02-11 23:57:05','2021-05-22 00:00:11'),(53,'34389 Barton Shores\nMariloufort, MS 02455-3833','(202)038-9862x852','317.379.3374','27666','25744','valerie.robel@example.org','http://graham.com/','ut','71935084','91357','16155','Alexis Tromp','Minima maiores laudantium quae eos odit tempora.','Velit doloribus illo illum cupiditate.','Ea quia veritatis vel totam tenetur dolor alias.','2019-09-22 12:20:43','2021-05-22 00:00:11'),(54,'1682 Alexis Brook Apt. 362\nWest Brandynton, NV 91787','(262)966-5976x96340','691.091.0530','29367','36521','langworth.christina@example.org','http://www.veumkoepp.com/','odio','','934123','35400','Adolphus Erdman','Aut autem neque exercitationem.','Ut fuga adipisci recusandae beatae doloribus.','Voluptas nobis voluptas quis ut.','2011-06-03 14:23:43','2013-10-15 05:43:52'),(55,'8549 Spencer Loaf Suite 422\nVonRuedenfort, OK 91038-4884','01170874492','711-399-4062x56686','29831','20131','maverick61@example.org','http://www.crona.com/','expedita','','','15198','Elsa Conn','Vero sit nihil ea ipsam.','Repellat explicabo voluptatem qui non.','Sit eos minus occaecati nemo.','2017-04-01 02:20:59','2019-07-21 10:53:00'),(56,'44225 Predovic Fork\nNew Crawford, CT 82013','821.581.6545x561','09172602665','29372','21888','vgleason@example.com','http://schowalter.org/','in','264872','115134','17437','Eulalia Bradtke','Et ad sequi omnis et.','Rem corporis at quod libero corporis dolorum.','Sint et eligendi sed quos.','2012-04-16 21:41:10','2021-05-22 00:00:11'),(57,'62470 Satterfield Inlet Suite 741\nOsinskiview, RI 30356','189-686-7039','178-490-8248','32666','28864','gmraz@example.com','http://hoegerbahringer.com/','atque','9898','741','33437','Prof. Maybell Cronin','Aut laboriosam eum incidunt non vitae.','Dolorem rerum velit nulla fuga.','Sint exercitationem quo rem temporibus.','2015-02-06 23:57:47','2018-02-06 04:33:24'),(58,'239 Salvatore Ranch\nGladysborough, HI 08998','440.044.1426','06925249823','19723','18548','schultz.frederique@example.com','http://nikolaus.com/','dolor','2173','88','23659','Mr. Trever Schmidt DVM','Enim esse et molestias mollitia et.','Ea voluptatem nobis ipsa.','Et enim enim non assumenda error ut sit dolores.','2017-01-13 02:27:42','2021-05-22 00:00:11'),(59,'4955 Marjorie Mission Suite 192\nPort Danielamouth, DE 56044-5343','049.690.8465x09974','+08(3)2699343137','16919','22876','effertz.omer@example.com','http://www.hudson.com/','molestiae','5','605','26012','Logan Hilpert','Ipsam ipsa voluptatem maxime ea perferendis eum.','Voluptatem quae est quam rerum.','Aut totam aperiam eveniet id dolorem.','2014-02-20 22:27:27','2021-05-22 00:00:11'),(60,'509 Huel Mill Suite 743\nKuhnside, WA 82387','+77(3)8333099011','(589)737-5982x999','11920','13488','zreynolds@example.com','http://www.bodestiedemann.com/','ea','4665','8265112','18653','Mr. Hoyt Kreiger','Qui et vel nostrum distinctio iste omnis.','Dolores aliquid expedita ea laborum.','Quidem nostrum et aut autem.','2012-01-07 07:54:23','2016-03-01 02:45:40'),(61,'0681 Manuela Stream\nNorth Rosendoberg, MT 96735','+02(2)5380115903','1-989-818-3685','21017','23322','stroman.morton@example.net','http://www.oreilly.biz/','et','444436246','8052','21683','Mr. Osvaldo McLaughlin II','Corrupti nam a corrupti et quia itaque fuga aut.','Commodi quia quo quae animi.','Error quidem repellat nulla ex.','2016-11-26 18:26:11','2019-07-17 17:02:03'),(62,'4750 Shanna Plaza\nNorth Dulcemouth, ID 55363-6584','1-205-261-8085x2858','+60(3)4923882379','36213','22593','delia48@example.com','http://www.kuhlman.info/','sapiente','','491','36891','Miss Filomena Dach','Sed nobis pariatur esse voluptas magnam.','Accusantium et deleniti non voluptatem eligendi.','Sit repellendus sed voluptatem.','2019-03-17 23:01:23','2021-05-22 00:00:11'),(63,'71469 Dare Ports\nWest Yasmineshire, WV 51205','511-013-1308','(436)435-4295','22707','30528','naufderhar@example.net','http://www.effertzgerlach.org/','rem','188','','33805','Emely Spencer','Eaque qui sunt quod atque aut sit omnis.','Perferendis sit cumque sapiente eveniet.','Enim molestiae suscipit tenetur et amet.','2017-01-25 18:57:34','2021-05-22 00:00:11'),(64,'79285 Jack Creek Suite 552\nHaleightown, KS 42744','(811)404-4612x5049','521-067-5461x445','27073','25035','melissa.feeney@example.com','http://purdy.com/','earum','','726','12430','Mrs. Christine Gorczany DVM','Doloribus ut id aliquid ipsa.','Impedit voluptas est dolorem laboriosam.','Voluptatibus in eligendi ab et.','2016-10-29 18:13:52','2021-05-22 00:00:11'),(65,'56844 Schmidt Pike Apt. 621\nBrendonmouth, NY 10941','614.647.0777','1-192-221-1904x6218','37950','12669','helene34@example.org','http://www.runolfsson.biz/','similique','42','19','34333','Pauline Abshire','Eum ut qui ut ut distinctio eligendi.','Id veniam quos assumenda quas.','Et suscipit modi neque vero est esse.','2018-02-08 09:39:50','2021-05-22 00:00:11'),(66,'06151 Garnet Trafficway Apt. 262\nNorth Laurenceville, OR 27367','(480)268-2492x598','116-566-1015x08607','24903','36346','kirlin.robert@example.com','http://mullerlindgren.com/','sed','','45360','38706','Vicky Bruen','Reiciendis iste quas voluptates ad maiores et.','Optio autem ut veritatis expedita.','Corporis recusandae harum vel iusto vel.','2020-04-14 14:48:55','2020-04-30 10:03:09'),(67,'10743 Laney Trail Apt. 500\nPort Opal, AZ 85621-8583','+14(5)0046371537','162-145-7787x0941','32231','14627','stanley.paucek@example.net','http://mills.com/','laboriosam','37714972','6335067','21188','Wilma Stroman','Rerum est nobis placeat sit.','Ut ut rerum veniam.','Hic laboriosam ut nesciunt ut maiores.','2019-02-08 10:12:56','2021-05-22 00:00:11'),(68,'5516 Gwendolyn Alley Suite 995\nSouth Carmenhaven, ND 68909-4608','653-388-6332x3936','262-303-4754x095','23342','17081','haag.kirstin@example.org','http://www.botsfordharris.com/','dolores','523878654','44033094','31927','Shanel Jakubowski DVM','Reprehenderit aliquam autem officiis dolorem et.','Id ea quia unde tempore quos.','Minus facere occaecati facere natus non aut non.','2020-06-05 13:59:33','2021-05-22 00:00:11'),(69,'554 Bailey Throughway Suite 654\nPort Joelleville, NJ 74665-0842','761.470.0439','957-081-8252x85685','17107','20397','amcdermott@example.com','http://www.schumm.org/','et','64230421','46744','38484','Gerhard Schmitt','Saepe et quo illum neque harum in.','Autem doloribus culpa voluptatem.','Non ea sed animi qui voluptatem sit ea.','2013-06-20 14:47:35','2016-09-07 16:56:09'),(70,'04179 Cole Ports Apt. 322\nMatildeberg, LA 11344-2927','(414)967-3434x4356','821.555.8586x6826','26968','26592','roob.maybell@example.com','http://koeppkirlin.com/','provident','275','76','16490','Wellington Wisoky','Nisi quas tempora sit aut sapiente.','Et corporis et odit atque vel assumenda.','Recusandae dolore omnis quo nemo.','2013-02-18 12:15:23','2016-05-20 22:12:57'),(71,'71158 Oscar Neck Suite 436\nClarabellehaven, WV 92092','1-217-627-1160','455.556.7448','36739','14275','veda53@example.net','http://herman.com/','ea','34','9893244','11590','Rhett Goyette PhD','Eveniet labore repellat dignissimos quae.','Exercitationem odit necessitatibus explicabo.','Maxime expedita et iure distinctio dolorem.','2015-03-15 13:39:10','2021-05-22 00:00:11'),(72,'741 Erdman Courts\nDoyleport, FL 10950','406.729.3546x79297','947-158-9957x9196','24432','38315','heidenreich.janie@example.com','http://www.simonis.com/','dolore','67485','9','37847','Rae Kuphal','Et consequatur rem repellendus ut ullam.','Quod repudiandae aut vitae.','Hic ut natus nobis in quisquam laborum.','2018-02-13 21:29:33','2021-05-22 00:00:11'),(73,'623 Hayes Fords Apt. 114\nNorth Lenora, VA 58697','(228)138-9424x84312','460.030.7381','31622','12490','hermann.kassandra@example.org','http://www.osinski.info/','in','6548','96','25929','Edward Jakubowski','Qui adipisci at consequuntur.','Iste molestiae sed labore veritatis.','Et facilis modi tenetur placeat hic.','2014-12-05 15:55:39','2019-05-27 20:18:38'),(74,'598 Ortiz Brooks Apt. 574\nChesterside, AL 22726-7300','(855)224-7819','(044)997-2853','22870','18111','margret.dubuque@example.org','http://ebert.com/','hic','40660','61','24650','Ettie Miller Sr.','Aliquid velit veniam molestiae.','Eligendi debitis et quidem aliquid ad.','A repudiandae in odit ut natus aut illum sint.','2019-10-17 17:02:16','2021-05-22 00:00:11'),(75,'44860 Ines Points\nEast Lauriannebury, MS 00091-0962','(289)535-9167','08748645962','14005','19651','mara79@example.com','http://www.lakinfeest.com/','quos','437381801','5410','34664','Loraine Mills Sr.','Excepturi perspiciatis occaecati quas voluptatem.','Fuga sed doloribus ab magni.','Ea maxime aliquid qui deleniti.','2021-02-20 19:40:23','2021-05-22 00:00:11'),(76,'9251 Keshaun Heights\nEast Kaelyn, CT 44754','1-345-112-5447','(061)802-9510x5650','12771','16668','electa.mcglynn@example.org','http://braun.info/','aut','4','383363545','17551','William Howe','Harum similique neque dolores iure eum.','Ut suscipit labore unde inventore sapiente et.','Voluptate culpa et et voluptatem eos neque.','2016-06-11 18:36:57','2021-05-22 00:00:11'),(77,'10782 Dario Squares Suite 003\nEarlenetown, WA 01641-4245','1-710-511-2796x2956','1-461-619-5423x261','27801','20025','travis98@example.org','http://dickens.net/','modi','6176557','282202581','15983','Jace Stiedemann','Esse distinctio numquam expedita velit accusamus.','Ut earum consectetur nihil sint.','Laborum aut autem rem qui voluptatem.','2020-06-17 13:30:28','2021-05-22 00:00:11'),(78,'505 Larissa Spurs Suite 239\nEast Isom, TX 00913','1-994-730-1924x24783','618-121-8978x74464','28271','18866','armstrong.zetta@example.net','http://yost.com/','aspernatur','4','83','26317','Arthur Walker','Aut veritatis natus sint voluptate.','Voluptatem ex aut modi libero dolore.','Ullam officiis rerum vel autem dolore.','2013-11-14 19:41:13','2021-05-22 00:00:11'),(79,'692 Rae Vista Suite 546\nJohnathonstad, WA 29099-1149','442.719.3349','466.769.8950x564','10396','25789','bbergstrom@example.net','http://metz.org/','soluta','72782','62231','28661','Robert Bernier','Porro odio aliquam iure consequatur autem.','Inventore saepe magnam impedit facere est.','Est quam possimus aut ut neque magnam.','2021-04-06 16:24:16','2021-05-22 00:00:11'),(80,'372 Penelope Fall\nHoweview, AR 47785-5452','(894)661-7894x20706','609-442-1321','20404','25812','vickie.greenfelder@example.com','http://www.wunsch.org/','nam','39417','','36568','Patsy Senger','Perferendis corporis ut et voluptas sint unde.','Est nesciunt dolorum ipsa qui amet molestias.','Ex nostrum unde ut.','2020-08-01 02:06:12','2021-05-22 00:00:11'),(81,'9507 Emerald Way Suite 440\nConsidineborough, TX 26879','00420851049','731-558-3088x09357','29223','22133','clarabelle.upton@example.org','http://www.gutkowski.com/','repellendus','7','958055836','10416','Prof. Wilford O\'Keefe DVM','Facilis nihil natus necessitatibus.','Perspiciatis enim sint et sit est quia.','Sit numquam aut ipsum et quas aut.','2012-09-26 09:40:13','2015-03-16 22:22:22'),(82,'4981 Jordy Islands\nPabloborough, MD 48767','(041)272-4353x172','615.413.7150','15523','32705','carroll.ciara@example.com','http://www.monahan.com/','voluptate','2','','15442','Chauncey Wiegand','Voluptatem quidem molestiae fuga.','Vel quibusdam quae laboriosam rerum.','Sed tenetur voluptas libero quis animi.','2012-04-10 09:51:10','2019-09-08 18:42:42'),(83,'1695 Emanuel Crossroad Apt. 266\nRhettport, PA 09150','(759)327-2524x081','037.965.9722','18313','38780','lubowitz.ansel@example.org','http://legroshane.com/','aspernatur','647602576','15','26206','Jace Turcotte III','Accusantium non numquam mollitia vitae animi.','Est rerum labore asperiores nostrum.','Ab et corporis voluptatem suscipit.','2012-12-26 17:57:12','2016-11-05 22:03:36'),(84,'20098 Madonna Walks\nPort Noemy, NE 28913','344.491.3204x13140','1-393-269-6364x696','14185','22968','tillman.rodger@example.net','http://collier.net/','et','37','','18067','Pink Ziemann','Voluptatem eum recusandae numquam soluta omnis.','Natus quis incidunt ipsum tempore.','Officia iste quam exercitationem corporis illo.','2019-04-21 20:06:52','2019-12-31 19:56:23'),(85,'880 Lea Ports\nLegrosburgh, WY 84981-0430','04021222854','(220)137-8202','17869','22343','rupert83@example.com','http://maggioaufderhar.net/','qui','3','4588','30987','Derrick Howell','Non non totam aut voluptatem possimus beatae.','Fuga enim libero ut autem tempora.','Possimus nisi molestiae accusamus laborum.','2020-02-10 15:41:38','2021-05-22 00:00:11'),(86,'325 Janis Forges\nOkunevaport, MS 38006-8027','(753)551-9484','963.772.8065','34764','32034','vincent.lynch@example.org','http://rathkutch.org/','ipsam','689224450','23927','11127','Bethel Bergstrom IV','Id quas doloremque nulla est magni.','Distinctio et autem dolor a ipsam qui voluptates.','Nobis voluptas repudiandae ea quia.','2013-12-04 03:53:42','2021-01-02 16:51:54'),(87,'77609 Kirlin Center Apt. 405\nSouth Sonny, MI 50427-3176','994.127.5285x15027','03450363076','13227','19838','emmett89@example.org','http://dickinson.info/','est','5746','260709','12167','Sallie Osinski','Deleniti molestiae vel autem fugit eos qui eius.','Facilis est iste dicta iste nihil.','Ut quisquam iste et sit saepe sed.','2016-11-11 17:19:45','2021-05-22 00:00:11'),(88,'382 Leonie Corner Apt. 157\nEast Ivyberg, AZ 07989','(615)328-9479x9796','+81(3)8849640299','21377','29956','dschowalter@example.net','http://runolfssonsporer.org/','ut','516257970','2723017','13693','Stanton Hyatt V','Id ab consectetur at fugiat repellat doloremque.','Dolor at voluptate iste maxime odio provident.','Enim voluptatem quisquam est in quae sit.','2016-02-15 12:18:47','2021-05-22 00:00:11'),(89,'121 Raleigh Place Suite 991\nJesusbury, ND 64091','856-203-6511','635-622-9334x0545','29671','38550','zeffertz@example.net','http://runolfsson.info/','quaerat','2','95428','33110','Alexandrea Johnson MD','At sapiente blanditiis voluptatem quia.','Nihil neque ipsam nemo velit porro qui magnam.','Officiis alias et unde sed inventore.','2012-11-10 02:15:30','2015-09-29 21:28:21'),(90,'712 Hintz Street\nNew David, ME 73576','336-964-2473x6408','1-843-883-5347','32679','13033','corn@example.net','http://www.johnsonmacejkovic.org/','quia','1','52','19338','Ollie Mayert','Rerum accusamus aut cumque non.','Architecto dolorem neque molestias impedit enim.','Mollitia fugiat ut aspernatur placeat ut.','2012-08-06 11:26:21','2020-01-21 16:08:24'),(91,'6715 Elfrieda Branch Suite 908\nMillermouth, NV 67918','(269)341-9807x6427','1-424-755-0457','35104','20732','maryse38@example.net','http://www.stoltenbergreichert.biz/','exercitationem','172','2385','12732','Mr. Ethel Davis','Voluptas beatae cumque quam in non fuga maxime.','Ad numquam odio rem quasi a.','Architecto eos qui et et iure.','2014-01-28 16:34:25','2021-05-22 00:00:11'),(92,'41940 Schowalter Shoals Apt. 358\nMaximetown, NJ 51519','(887)322-3336','471.761.7882','38964','10551','alesch@example.net','http://www.zboncak.com/','et','7998442','889','34778','Dr. Dortha Schiller','Enim fuga et facilis laborum quia minus vero.','Officia velit aliquid ut molestiae ea.','Voluptate optio ut et eum.','2012-10-26 20:12:31','2017-10-28 02:51:13'),(93,'1262 Streich Course\nNorth Chayaborough, SD 81239-8589','036-277-0870x960','447-697-8405x200','28426','37208','otha.hackett@example.com','http://www.lubowitz.com/','fugiat','','11','31614','Hailey Aufderhar Sr.','Delectus quam tempora odio ea.','Nihil amet culpa sed veritatis nihil.','Itaque vero eos omnis sequi dolor.','2019-01-06 09:55:51','2021-05-22 00:00:11'),(94,'667 Lesch Estate Suite 738\nEzraport, OK 29768','523-939-6734','1-088-041-6907x0037','29209','36973','xschiller@example.net','http://langworth.biz/','id','1275','60','18078','Prof. Margie Larkin MD','Veniam repellendus quis id sunt.','Quo expedita accusamus id quos nemo.','Voluptatem provident eaque illum quod et nihil.','2020-04-09 13:59:57','2021-05-22 00:00:11'),(95,'74634 Smitham Island Apt. 316\nEarnestinebury, WA 18393-2156','910.055.8141x15698','1-513-294-3823x14933','34680','28488','lindgren.kaylee@example.net','http://ferry.com/','quae','75925','4031651','34569','Carole Jacobi','Ex ut ipsum ut quia maxime laboriosam esse.','Quia non deleniti laborum placeat distinctio qui.','At ipsum illo eveniet nisi.','2012-07-05 12:45:31','2021-03-17 09:54:14'),(96,'12383 O\'Conner Orchard\nDareton, TX 11908','827.270.3788x7466','+49(1)8469048555','31411','18293','whuel@example.net','http://www.schuppe.com/','quia','51460048','12115','10665','Jacey Kihn','Consequatur excepturi ipsa quis facere.','Sunt fugit quam fuga facere consequatur.','Quam magni dolorum odit unde qui.','2021-02-25 00:38:20','2021-05-22 00:00:11'),(97,'657 Gulgowski Rapid\nEast Kenton, AZ 40711','(427)431-6062','709-102-0546x8330','25703','23208','beaulah95@example.net','http://www.bruen.org/','et','664803','5820','31768','Lizzie Flatley','Provident porro odit dolor sequi.','Libero cumque nam quia exercitationem esse aut.','Debitis neque deleniti fugiat inventore.','2019-09-25 12:13:27','2021-05-22 00:00:11'),(98,'594 Gulgowski Mission Suite 310\nCollinsfort, LA 51709','+34(2)2292773724','477.387.5886','26482','15363','ywest@example.net','http://jerde.com/','modi','13282','4912','33749','Hardy Stark','Voluptate et unde iusto. Eius vitae sit magni.','Eaque asperiores nobis commodi nihil.','Eum harum beatae ab aut omnis.','2014-06-29 03:27:14','2016-02-04 18:33:08'),(99,'21631 Ebert Turnpike\nGrimesstad, OR 75854','1-278-450-3835x82572','+63(1)4364180090','31609','21354','otilia21@example.net','http://gaylord.org/','architecto','23492871','5','19075','Aletha Roob','Enim consequatur quo quidem quaerat labore et.','Et praesentium animi ullam voluptatem.','Eos et nulla id iste sed soluta.','2018-01-04 03:50:18','2021-03-25 15:50:56'),(100,'9285 Orn Path\nSouth Wymanport, MA 87479','679.280.8180x514','07035452869','32403','20309','devonte.ryan@example.net','http://simonis.biz/','distinctio','7853028','9636','29540','Crystel McGlynn','Deleniti et quo ea sunt. Enim ut tempora dolor.','A autem aperiam in perspiciatis maiores.','Et non voluptas officia ut autem est sed.','2015-05-04 09:17:47','2020-03-17 20:47:47');
/*!40000 ALTER TABLE `profiles` ENABLE KEYS */;
UNLOCK TABLES;

--
-- Table structure for table `regions`
--

DROP TABLE IF EXISTS `regions`;
/*!40101 SET @saved_cs_client     = @@character_set_client */;
/*!50503 SET character_set_client = utf8mb4 */;
CREATE TABLE `regions` (
  `id` int unsigned NOT NULL AUTO_INCREMENT,
  `name` varchar(255) CHARACTER SET utf8mb4 COLLATE utf8mb4_unicode_ci NOT NULL COMMENT 'Наименование региона',
  `created_at` datetime DEFAULT CURRENT_TIMESTAMP,
  PRIMARY KEY (`id`),
  UNIQUE KEY `name` (`name`)
) ENGINE=InnoDB AUTO_INCREMENT=47 DEFAULT CHARSET=utf8mb4 COLLATE=utf8mb4_unicode_ci COMMENT='Таблица регионов';
/*!40101 SET character_set_client = @saved_cs_client */;

--
-- Dumping data for table `regions`
--

LOCK TABLES `regions` WRITE;
/*!40000 ALTER TABLE `regions` DISABLE KEYS */;
INSERT INTO `regions` VALUES (1,'North Eleazarport','2017-07-31 06:22:10'),(2,'Lake Gloriaside','2018-05-21 06:46:00'),(3,'Heathcotechester','2018-10-31 20:56:27'),(4,'Labadieville','2017-11-26 22:53:49'),(5,'Batzville','2011-09-20 18:09:08'),(6,'North Lavon','2015-12-13 06:00:25'),(7,'Lake Onieland','2017-12-28 04:19:54'),(8,'West Ada','2021-04-03 00:39:50'),(9,'East Janechester','2011-08-07 10:30:35'),(10,'Tarynton','2019-08-02 17:25:00'),(11,'Stefanland','2014-02-25 06:31:21'),(12,'East Darienmouth','2013-10-30 18:20:06'),(13,'New Timothy','2020-12-05 16:23:17'),(14,'South Katlynview','2017-06-28 09:20:10'),(15,'VonRuedenfurt','2012-11-13 16:58:07'),(16,'New Mireilleland','2017-04-16 20:55:58'),(17,'New Sabryna','2012-02-14 15:06:58'),(18,'Port Arely','2011-06-01 00:38:49'),(19,'Legroston','2012-05-27 16:30:02'),(20,'Amayaland','2015-12-10 02:29:02'),(21,'Stoltenbergfurt','2013-07-22 14:08:51'),(22,'Lake Edwinaview','2013-10-26 12:05:12'),(23,'Powlowskiport','2015-09-23 22:03:03'),(24,'South Verona','2011-12-24 10:28:56'),(25,'Casperville','2020-07-09 19:33:00'),(26,'New Parkerburgh','2016-02-27 04:11:52'),(27,'Lake Courtneyborough','2016-09-23 12:58:37'),(28,'Beahanchester','2018-03-08 07:06:03'),(29,'South Carroll','2016-06-08 09:43:00'),(30,'Westfurt','2014-07-18 12:37:30'),(31,'Schmelershire','2011-08-28 20:30:44'),(32,'Dachmouth','2020-12-15 11:24:43'),(33,'Lake Savanah','2017-01-04 02:27:39'),(34,'Botsfordland','2020-09-04 20:26:14'),(35,'Shieldstown','2021-01-24 04:24:25'),(36,'East Kenyabury','2012-08-06 19:42:38'),(37,'New Michelberg','2013-06-03 04:46:37'),(38,'South Mylene','2020-08-21 11:14:00'),(39,'West Herbert','2012-02-25 18:15:11'),(40,'West Leonard','2015-05-27 19:20:34'),(41,'Bogisichport','2017-12-09 19:03:12'),(42,'Goodwinside','2012-08-23 08:18:01'),(43,'New Hattiefort','2018-02-24 23:01:11'),(44,'Arishire','2012-04-21 08:26:58'),(45,'Herzogton','2014-11-29 14:16:23'),(46,'Elinoreside','2013-01-12 05:28:51');
/*!40000 ALTER TABLE `regions` ENABLE KEYS */;
UNLOCK TABLES;

--
-- Table structure for table `remains`
--

DROP TABLE IF EXISTS `remains`;
/*!40101 SET @saved_cs_client     = @@character_set_client */;
/*!50503 SET character_set_client = utf8mb4 */;
CREATE TABLE `remains` (
  `product_id` int unsigned NOT NULL COMMENT 'ID товара product_id => products.id',
  `store_id` int unsigned NOT NULL COMMENT 'ID склада store_id => stores.id',
  `total_item_count` decimal(11,2) DEFAULT NULL COMMENT 'Количество товара на складе. Используется целочисленное значение',
  `updated_at` datetime DEFAULT CURRENT_TIMESTAMP ON UPDATE CURRENT_TIMESTAMP,
  PRIMARY KEY (`product_id`),
  KEY `remains_store_id_fk` (`store_id`),
  CONSTRAINT `remains_product_id_fk` FOREIGN KEY (`product_id`) REFERENCES `products` (`id`),
  CONSTRAINT `remains_store_id_fk` FOREIGN KEY (`store_id`) REFERENCES `stores` (`id`)
) ENGINE=InnoDB DEFAULT CHARSET=utf8mb4 COLLATE=utf8mb4_unicode_ci COMMENT='Таблица остатков на складе';
/*!40101 SET character_set_client = @saved_cs_client */;

--
-- Dumping data for table `remains`
--

LOCK TABLES `remains` WRITE;
/*!40000 ALTER TABLE `remains` DISABLE KEYS */;
INSERT INTO `remains` VALUES (2,2,10046.00,'2020-10-15 11:10:42'),(5,3,14222.00,'2017-03-07 04:09:26'),(7,2,13693.00,'2015-04-06 08:10:52'),(8,3,10754.00,'2019-08-11 12:31:09'),(9,4,14282.00,'2012-11-15 06:46:11'),(10,3,14692.00,'2012-04-24 03:53:13'),(11,4,11878.00,'2015-04-17 17:17:20'),(13,4,14326.00,'2016-02-05 14:39:27'),(14,3,12668.00,'2017-07-23 04:48:42'),(15,1,12397.00,'2016-02-17 22:35:33'),(16,4,12436.00,'2016-02-16 16:03:25'),(17,3,14135.00,'2016-06-12 20:28:31'),(18,3,12004.00,'2019-02-07 22:47:07'),(19,4,11117.00,'2017-01-09 07:02:42'),(20,4,10292.00,'2017-06-21 14:13:29'),(21,1,12916.00,'2016-08-13 11:36:25'),(22,1,12951.00,'2014-01-04 01:17:43'),(26,4,12783.00,'2012-09-20 12:17:21'),(31,3,10371.00,'2019-02-09 03:51:55'),(32,4,12787.00,'2017-04-28 22:45:35'),(33,2,13731.00,'2019-05-04 17:35:00'),(35,3,14971.00,'2012-09-25 06:52:00'),(36,4,12243.00,'2017-01-20 21:37:35'),(37,4,11710.00,'2021-02-25 17:01:39'),(39,2,14244.00,'2020-10-08 14:11:39'),(40,2,14934.00,'2015-03-17 10:40:28'),(41,3,14283.00,'2016-03-07 22:43:26'),(45,1,11434.00,'2016-10-23 19:20:07'),(46,4,14817.00,'2012-11-11 11:02:03'),(47,2,11711.00,'2014-11-16 20:34:57'),(49,4,10875.00,'2015-08-13 12:50:09'),(50,1,14943.00,'2021-01-01 04:03:08'),(51,1,11727.00,'2012-09-01 07:39:15'),(53,2,11304.00,'2011-08-28 19:27:45'),(54,3,14299.00,'2017-02-20 03:09:08'),(55,4,14944.00,'2020-05-30 06:44:59'),(58,1,14630.00,'2018-07-31 12:08:49'),(59,2,14846.00,'2019-12-21 03:21:56'),(61,1,11914.00,'2014-08-29 18:34:12'),(65,4,13864.00,'2019-08-20 11:03:31'),(66,4,13076.00,'2018-09-15 12:47:03'),(67,4,10161.00,'2013-10-08 00:29:43'),(68,2,12190.00,'2014-03-18 08:12:17'),(72,3,13457.00,'2021-03-03 14:02:00'),(73,4,14158.00,'2016-10-23 18:42:01'),(75,1,10224.00,'2011-11-05 09:27:46'),(78,1,12874.00,'2020-06-19 06:28:15'),(81,1,13663.00,'2012-12-17 07:34:21'),(82,3,13787.00,'2018-07-06 10:04:36'),(83,1,13774.00,'2020-01-08 06:17:48'),(84,3,12862.00,'2015-10-03 15:42:35'),(85,1,13806.00,'2020-07-12 01:15:46'),(86,3,12184.00,'2015-10-05 12:13:24'),(87,2,14980.00,'2019-11-28 22:24:29'),(88,3,14478.00,'2020-05-29 22:26:48'),(90,3,12559.00,'2014-08-30 18:18:35'),(91,4,11329.00,'2012-03-14 04:30:18'),(92,4,11735.00,'2017-11-03 10:47:24'),(93,3,13086.00,'2019-12-23 09:13:01'),(95,4,11015.00,'2018-10-14 22:19:10'),(97,2,14834.00,'2017-12-18 19:21:21'),(100,1,10941.00,'2020-06-18 09:02:22');
/*!40000 ALTER TABLE `remains` ENABLE KEYS */;
UNLOCK TABLES;

--
-- Table structure for table `stores`
--

DROP TABLE IF EXISTS `stores`;
/*!40101 SET @saved_cs_client     = @@character_set_client */;
/*!50503 SET character_set_client = utf8mb4 */;
CREATE TABLE `stores` (
  `id` int unsigned NOT NULL AUTO_INCREMENT,
  `name` varchar(120) CHARACTER SET utf8mb4 COLLATE utf8mb4_unicode_ci NOT NULL COMMENT 'Название склада',
  `address` varchar(255) CHARACTER SET utf8mb4 COLLATE utf8mb4_unicode_ci NOT NULL COMMENT 'Адрес склада',
  `description` varchar(255) CHARACTER SET utf8mb4 COLLATE utf8mb4_unicode_ci DEFAULT NULL COMMENT 'Описание склада',
  `phone` varchar(20) CHARACTER SET utf8mb4 COLLATE utf8mb4_unicode_ci DEFAULT NULL COMMENT 'Телефон',
  `delivery_days` int DEFAULT NULL COMMENT 'Срок поставки с основного склада',
  `created_at` datetime DEFAULT CURRENT_TIMESTAMP,
  `updated_at` datetime DEFAULT CURRENT_TIMESTAMP ON UPDATE CURRENT_TIMESTAMP,
  PRIMARY KEY (`id`,`name`),
  UNIQUE KEY `phone` (`phone`),
  KEY `stores_name_idx` (`name`) COMMENT 'Очень часто будут использовать название склада.'
) ENGINE=InnoDB AUTO_INCREMENT=5 DEFAULT CHARSET=utf8mb4 COLLATE=utf8mb4_unicode_ci COMMENT='Таблица складов';
/*!40101 SET character_set_client = @saved_cs_client */;

--
-- Dumping data for table `stores`
--

LOCK TABLES `stores` WRITE;
/*!40000 ALTER TABLE `stores` DISABLE KEYS */;
INSERT INTO `stores` VALUES (1,'voluptas','675 Beatty Manor\nJairochester, DC 45795-9481','Amet maxime eveniet eveniet est numquam. Repellat et repudiandae quis. Dolor minima velit et optio sint.','1-166-326-0002x7531',7,'2013-11-24 08:19:04','2021-05-22 00:04:10'),(2,'sit','93860 Freddy Center\nSouth Leslyport, MD 71220-3796','Repellat debitis voluptas eveniet aut sint. Eos ipsum at quia beatae officia eos et suscipit. Sequi nam accusantium est perspiciatis non modi.','523.545.4885x46861',4,'2014-08-14 14:36:14','2021-05-22 00:04:10'),(3,'mollitia','573 McGlynn Ferry\nMcDermottport, NV 24965','Aut temporibus excepturi omnis vitae nihil. Consequatur quia voluptatum delectus nulla. Perferendis optio nulla voluptas saepe accusamus sit non.','511-960-6797x0933',7,'2018-12-26 18:42:46','2021-05-22 00:04:10'),(4,'qui','36619 Roxane Village\nSouth Ari, PA 54580','Quidem voluptatem nam saepe. Repudiandae distinctio eum fuga aut in quasi et. Sit sapiente dolorem rerum quisquam ex. Exercitationem suscipit doloremque sunt quibusdam non consequuntur veniam natus. Explicabo repellat voluptatum delectus aliquid quisquam ','934-584-4371x945',2,'2017-12-06 21:01:23','2021-05-22 00:04:10');
/*!40000 ALTER TABLE `stores` ENABLE KEYS */;
UNLOCK TABLES;

--
-- Temporary view structure for view `total_store_managers`
--

DROP TABLE IF EXISTS `total_store_managers`;
/*!50001 DROP VIEW IF EXISTS `total_store_managers`*/;
SET @saved_cs_client     = @@character_set_client;
/*!50503 SET character_set_client = utf8mb4 */;
/*!50001 CREATE VIEW `total_store_managers` AS SELECT 
 1 AS `name_manager`,
 1 AS `total`*/;
SET character_set_client = @saved_cs_client;

--
-- Table structure for table `users`
--

DROP TABLE IF EXISTS `users`;
/*!40101 SET @saved_cs_client     = @@character_set_client */;
/*!50503 SET character_set_client = utf8mb4 */;
CREATE TABLE `users` (
  `id` int unsigned NOT NULL AUTO_INCREMENT,
  `company_id` int unsigned NOT NULL COMMENT 'Индификатор компании',
  `first_name` varchar(225) CHARACTER SET utf8mb4 COLLATE utf8mb4_unicode_ci NOT NULL COMMENT 'Имя',
  `middle_name` varchar(255) CHARACTER SET utf8mb4 COLLATE utf8mb4_unicode_ci DEFAULT NULL COMMENT 'Отчество',
  `last_name` varchar(255) CHARACTER SET utf8mb4 COLLATE utf8mb4_unicode_ci NOT NULL COMMENT 'Фамилия',
  `phone` varchar(20) CHARACTER SET utf8mb4 COLLATE utf8mb4_unicode_ci NOT NULL COMMENT 'Телефон пользователя',
  `email` varchar(120) CHARACTER SET utf8mb4 COLLATE utf8mb4_unicode_ci NOT NULL COMMENT 'Индификатор компании',
  `email_agreed_for_marketing` tinyint(1) DEFAULT '1' COMMENT 'Подписка на рассылки',
  `email_agreed_updated_at` datetime DEFAULT CURRENT_TIMESTAMP ON UPDATE CURRENT_TIMESTAMP COMMENT 'Дата обновления состояния подписки',
  PRIMARY KEY (`id`),
  UNIQUE KEY `phone` (`phone`),
  UNIQUE KEY `email` (`email`),
  KEY `users_first_name_last_name_idx` (`first_name`,`last_name`) COMMENT 'По имени и фамилии, очень часто производят поиск.',
  KEY `users_phome_idx` (`phone`) COMMENT 'По телефону, очень часто ищут клиентов.'
) ENGINE=InnoDB AUTO_INCREMENT=101 DEFAULT CHARSET=utf8mb4 COLLATE=utf8mb4_unicode_ci COMMENT='Таблица используется для получения информации о зарегистрированных пользователях.';
/*!40101 SET character_set_client = @saved_cs_client */;

--
-- Dumping data for table `users`
--

LOCK TABLES `users` WRITE;
/*!40000 ALTER TABLE `users` DISABLE KEYS */;
INSERT INTO `users` VALUES (1,11,'Evie','Estrella','Rath','(967)501-8955x7321','bernhard.katelynn@example.com',0,'2012-08-12 03:15:14'),(2,11,'Art','Ruthie','Spinka','+52(9)5561483982','mariah.block@example.org',1,'2012-06-16 20:53:23'),(3,95,'Kamron','Adah','Lynch','(657)451-5897x450','gutmann.eino@example.com',1,'2014-06-13 03:02:16'),(4,39,'Cedrick','Leonard','Becker','(227)860-8768x61648','schiller.hailey@example.com',1,'2018-10-30 05:33:11'),(5,65,'Amya','Buster','Purdy','077-330-6366x355','khuel@example.org',1,'2018-07-26 12:21:26'),(6,62,'Asha','Cheyenne','Rodriguez','02829677667','labadie.salvatore@example.net',0,'2015-07-08 20:00:38'),(7,40,'Lisa','Alysa','Wilderman','(296)316-8973x980','wuckert.lina@example.net',1,'2019-08-19 14:50:54'),(8,39,'Cortney','Alberto','Hermiston','1-349-613-0386x57219','bahringer.emmanuel@example.org',1,'2015-08-26 06:15:55'),(9,77,'Junior','Dora','Hayes','+88(7)3608525418','quinten29@example.org',0,'2013-11-18 09:39:58'),(10,98,'Barrett','Lilian','Kilback','570.728.6214','hailee.von@example.com',1,'2016-02-02 21:07:19'),(11,56,'Declan','Gardner','Mitchell','387-935-7942','umurphy@example.net',1,'2014-01-28 17:18:56'),(12,79,'Sonny','Emmalee','Mann','548.144.0512','kunde.chadrick@example.net',1,'2013-05-24 01:54:25'),(13,18,'Dane','Telly','Donnelly','1-483-315-2945','ferry.telly@example.org',0,'2018-06-25 03:40:40'),(14,14,'Norris','Mercedes','Leffler','(845)532-7402x41572','oberbrunner.maynard@example.net',1,'2012-03-29 08:41:08'),(15,13,'Wilbert','Bridget','Olson','479.982.2896','lorenzo.crona@example.net',1,'2012-07-26 01:40:07'),(16,12,'Adolfo','Hassan','Spinka','862-034-9495','auer.darrell@example.org',1,'2019-09-28 15:34:39'),(17,49,'Athena','Yasmin','Dare','(879)259-7839x57089','rodolfo.berge@example.net',1,'2016-10-30 16:22:00'),(18,66,'Pinkie','Elva','Schamberger','455-655-6870x114','jovan.johns@example.com',1,'2021-01-18 01:53:30'),(19,88,'Clark','Juanita','Nicolas','190.448.4641x8169','aliza.jerde@example.org',0,'2014-11-05 08:38:03'),(20,20,'Reba','Natalia','Koelpin','119-388-1034x50127','qfunk@example.org',0,'2014-05-03 03:12:19'),(21,80,'Jazmin','Arely','Kreiger','1-585-725-7481','beer.johnny@example.org',0,'2018-07-18 11:36:25'),(22,58,'Vicente','Mandy','Mertz','+79(6)9083177002','mckenzie.jerrold@example.org',0,'2012-04-05 17:10:44'),(23,29,'Rodger','Santina','Bergstrom','1-079-109-3165x9429','otto87@example.com',1,'2016-08-16 16:56:59'),(24,31,'Craig','Gerard','Tremblay','406-041-9300','jordi.gaylord@example.com',0,'2011-06-02 16:46:55'),(25,46,'Gail','Maye','Schuster','(722)640-4272','adaline20@example.org',1,'2014-07-31 20:58:09'),(26,48,'Lucas','Jameson','Harris','871-857-2603','barton.kiehn@example.org',1,'2019-09-12 21:51:56'),(27,50,'Brendan','Rosalia','Zboncak','793.794.4764x0825','okey49@example.net',1,'2011-10-31 09:37:48'),(28,49,'Chadrick','Alford','Okuneva','780.056.5057x85523','daryl.veum@example.com',1,'2013-11-07 10:52:43'),(29,82,'Marilyne','Nelson','Mueller','624-692-4731x4758','hipolito.bode@example.com',1,'2016-10-14 19:30:38'),(30,39,'Dayne','Brooklyn','Bradtke','+26(6)1954195413','earlene22@example.org',1,'2012-12-20 19:44:20'),(31,21,'Jaren','Devante','Tromp','782.337.3397x9276','gbashirian@example.com',1,'2015-04-19 19:49:57'),(32,92,'Leonor','Rory','Vandervort','1-058-677-2053x78627','mertz.sanford@example.org',1,'2015-07-06 23:23:45'),(33,50,'Heather','Kyleigh','Fritsch','(795)090-8502x86194','cordia68@example.org',1,'2019-08-17 15:11:16'),(34,15,'Litzy','Kavon','Reilly','+59(4)3322576678','lia.mitchell@example.com',0,'2016-04-03 17:53:12'),(35,31,'Kara','Camron','Monahan','1-065-903-2000x15986','sydney82@example.com',1,'2015-06-15 15:17:06'),(36,15,'Sage','Merritt','Nikolaus','00695153779','julianne29@example.com',0,'2016-06-19 16:12:53'),(37,77,'Margaretta','Ena','Kertzmann','(640)382-0865x3544','d\'angelo69@example.org',1,'2015-12-27 16:00:54'),(38,70,'Ciara','Jamil','Johnson','1-908-246-9612x884','smante@example.com',0,'2011-08-02 17:00:58'),(39,54,'Torey','Tomas','Kertzmann','831-843-2550x65901','leola32@example.org',1,'2012-01-12 07:31:37'),(40,53,'Rocio','Katlynn','Kling','803.588.2555x3993','cydney97@example.net',0,'2021-03-29 02:53:34'),(41,68,'Magdalena','Kristopher','Reichel','(755)853-7728x632','aliyah38@example.net',1,'2014-08-11 01:58:23'),(42,9,'Marjory','Jane','Murphy','+20(4)2897322576','aric.graham@example.com',1,'2017-06-01 07:05:39'),(43,31,'Leta','Lenore','Green','+70(0)9525123370','zvandervort@example.com',0,'2017-09-30 12:30:30'),(44,85,'Marcelino','Berry','Strosin','06366242728','ima.fay@example.org',1,'2014-09-08 18:34:15'),(45,23,'Wilfred','Zora','Koelpin','790.764.2286','qspencer@example.org',0,'2020-10-28 20:23:12'),(46,44,'Stefanie','Jaeden','Bradtke','+54(2)0176721806','orn.odell@example.net',0,'2015-05-13 06:02:16'),(47,97,'Merle','Amie','Moore','549.436.2628x13880','alanis.herman@example.com',0,'2015-02-26 03:12:18'),(48,72,'Dillan','Aimee','O\'Keefe','1-086-217-7086','lorenza75@example.net',1,'2013-08-13 22:42:17'),(49,10,'Jennyfer','Mia','Mayer','803.714.3203','andres68@example.net',1,'2012-10-03 19:09:27'),(50,84,'Esta','Loyce','Hoppe','(161)372-1772x629','qkihn@example.net',0,'2018-09-09 23:02:11'),(51,91,'Elmo','Scot','Lindgren','00342030991','jules.hagenes@example.net',1,'2011-10-14 22:33:03'),(52,89,'Irma','Casper','Oberbrunner','249-679-6301x4140','epouros@example.net',1,'2017-08-23 17:24:54'),(53,42,'Brenda','Katlyn','Sanford','899.038.7980x16637','claudine57@example.org',0,'2016-08-24 04:44:35'),(54,20,'Destini','Helen','Powlowski','509-310-0503x53984','fabiola03@example.net',0,'2017-06-24 22:49:00'),(55,20,'Virginia','Susanna','Gulgowski','299.530.1154','zoey.toy@example.net',1,'2016-03-17 05:42:00'),(56,87,'Elvera','Trey','Graham','1-481-274-9601','tara10@example.net',0,'2017-02-24 04:53:18'),(57,68,'Minerva','Camilla','Skiles','(218)386-5094','nlabadie@example.com',1,'2013-06-22 06:27:15'),(58,69,'Damian','Celine','Lakin','026-463-6696x951','gabrielle.jakubowski@example.com',0,'2015-08-12 02:35:32'),(59,35,'Wayne','Michael','Graham','202-014-0724x8065','wilderman.lura@example.com',1,'2017-12-29 17:52:21'),(60,49,'Jordan','Adrienne','Wunsch','(385)741-5763x3402','boyer.mariah@example.com',0,'2014-01-01 01:14:42'),(61,8,'Mac','Vernon','Powlowski','+93(3)0148002212','walsh.anderson@example.net',0,'2013-03-07 22:08:46'),(62,56,'Jeffry','Myles','Lowe','1-401-210-1142x8554','leuschke.shemar@example.net',0,'2011-09-20 07:39:13'),(63,40,'Dell','Doris','Considine','00765207559','qwatsica@example.org',0,'2012-05-26 10:19:07'),(64,57,'Jackson','Clifford','Jerde','1-930-109-7028x609','harber.josephine@example.org',0,'2012-10-19 00:33:47'),(65,70,'Osvaldo','Jamison','Hermiston','(365)068-2670','marielle.treutel@example.net',1,'2020-05-24 09:14:55'),(66,70,'Richard','Alec','Franecki','1-174-880-8207','leanne.hudson@example.com',1,'2016-10-25 23:29:55'),(67,72,'Gaetano','Valentin','Green','916.050.3028x644','valentina28@example.com',1,'2018-12-15 01:48:06'),(68,47,'Josephine','Nina','Emmerich','+52(6)4706584581','lbosco@example.com',1,'2015-10-31 08:33:11'),(69,40,'Vickie','Janessa','Bednar','1-458-291-0000x860','theodore96@example.com',1,'2014-12-23 10:13:15'),(70,25,'Kellen','Nelda','Ryan','889.857.5068x4681','vella.davis@example.org',1,'2013-10-25 04:26:13'),(71,100,'Jerome','Kip','Bruen','158-091-9592','abigayle.koelpin@example.com',1,'2012-07-25 15:08:37'),(72,8,'Lysanne','Constantin','O\'Hara','(164)506-0767','jshields@example.com',1,'2018-07-12 09:53:07'),(73,34,'Amina','Loyal','Tremblay','573.535.4249','alexandrea12@example.com',1,'2016-07-10 10:26:03'),(74,31,'Imelda','Deven','Price','1-433-862-0710','arlie82@example.com',0,'2017-04-08 17:56:01'),(75,93,'Katlyn','Ruby','Hyatt','033-873-1839','parisian.andrew@example.com',0,'2020-04-19 15:55:49'),(76,56,'William','Alisha','Thiel','898.710.0263x377','gorczany.elenor@example.com',1,'2020-01-12 06:55:36'),(77,74,'Jaydon','Davion','Wiza','00825197398','rollin.wilderman@example.com',1,'2015-06-08 12:28:47'),(78,89,'Casper','Sherman','Parker','+85(9)2487988423','hcartwright@example.org',1,'2012-11-18 00:26:01'),(79,28,'Kenya','Zena','Murphy','445.029.2872','mina51@example.org',0,'2019-08-14 23:12:48'),(80,84,'Montana','Noel','Armstrong','1-650-216-4583x426','jakob.o\'connell@example.com',0,'2017-09-05 10:29:04'),(81,72,'Raphael','Mattie','Jacobi','1-031-972-3380','kaley.baumbach@example.net',1,'2014-11-22 18:53:41'),(82,19,'Susana','Cassidy','Blanda','1-596-649-2266','fatima.quitzon@example.org',0,'2017-08-27 01:55:43'),(83,73,'Alisa','Magali','Sawayn','962.302.1143x60059','rrosenbaum@example.net',1,'2019-05-24 11:58:07'),(84,14,'Coby','Nayeli','Hettinger','(093)828-5827x76984','moore.cecelia@example.com',0,'2017-08-03 21:23:05'),(85,38,'Aiden','Alfonzo','Flatley','378.478.3957x00126','schuster.mckayla@example.org',0,'2014-07-26 09:40:19'),(86,92,'Uriel','Silas','Osinski','+72(9)6346510703','halle29@example.com',0,'2016-10-31 16:57:08'),(87,100,'Alberto','Kristina','Leannon','1-909-187-1129','pherman@example.com',1,'2020-06-30 18:16:52'),(88,5,'Rocky','Monty','Stroman','1-048-887-3347x5747','edd58@example.com',1,'2019-12-30 06:25:31'),(89,60,'Hortense','Bo','Bruen','(547)784-4045','gblick@example.com',1,'2015-07-20 18:46:59'),(90,35,'Lance','Donny','Balistreri','586-813-5285','rachelle.keebler@example.com',0,'2012-08-21 01:13:45'),(91,53,'Jasen','Waylon','Prosacco','967.942.6960','dena.fadel@example.com',0,'2016-05-25 02:36:28'),(92,67,'Albert','Kirstin','Frami','1-092-475-1603','zemlak.burnice@example.org',0,'2019-12-27 10:50:17'),(93,90,'Cleveland','Drake','Daniel','+36(1)0272438032','jody10@example.com',1,'2020-03-06 10:03:23'),(94,93,'Ramona','Ralph','Muller','(999)584-1431','wunsch.greg@example.net',0,'2012-09-24 21:11:04'),(95,24,'Madison','Thurman','Cummerata','(875)249-3017x7633','windler.rupert@example.org',0,'2012-12-06 18:59:40'),(96,60,'Dessie','Baby','Dare','1-730-456-8241','thaddeus.jaskolski@example.org',0,'2016-03-31 14:06:43'),(97,62,'Oswald','Lonzo','Johns','(335)933-6314x56741','bsipes@example.net',0,'2017-03-23 13:18:14'),(98,95,'Alf','Cory','Harris','(428)843-6804x187','aheathcote@example.org',0,'2019-09-02 03:47:36'),(99,6,'Kay','Jessika','Aufderhar','633-613-7550','donald78@example.net',1,'2020-10-18 08:22:47'),(100,2,'Earnestine','Cory','Fisher','00044697745','johann04@example.net',0,'2014-05-03 08:17:16');
/*!40000 ALTER TABLE `users` ENABLE KEYS */;
UNLOCK TABLES;
/*!50003 SET @saved_cs_client      = @@character_set_client */ ;
/*!50003 SET @saved_cs_results     = @@character_set_results */ ;
/*!50003 SET @saved_col_connection = @@collation_connection */ ;
/*!50003 SET character_set_client  = utf8mb4 */ ;
/*!50003 SET character_set_results = utf8mb4 */ ;
/*!50003 SET collation_connection  = utf8mb4_0900_ai_ci */ ;
/*!50003 SET @saved_sql_mode       = @@sql_mode */ ;
/*!50003 SET sql_mode              = 'STRICT_TRANS_TABLES,NO_ENGINE_SUBSTITUTION' */ ;
DELIMITER ;;
/*!50003 CREATE*/ /*!50017 DEFINER=`root`@`localhost`*/ /*!50003 TRIGGER `validate_users_insert` BEFORE INSERT ON `users` FOR EACH ROW BEGIN
	IF NEW.first_name IS NULL AND 
	NEW.last_name IS NULL AND 
	NEW.phone IS NULL AND 
	NEW.email IS NULL THEN 
		SIGNAL SQLSTATE '45000'
		SET MESSAGE_TEXT = 'Both user first name, last name, phone and email are NULL';
	END IF;
END */;;
DELIMITER ;
/*!50003 SET sql_mode              = @saved_sql_mode */ ;
/*!50003 SET character_set_client  = @saved_cs_client */ ;
/*!50003 SET character_set_results = @saved_cs_results */ ;
/*!50003 SET collation_connection  = @saved_col_connection */ ;
/*!50003 SET @saved_cs_client      = @@character_set_client */ ;
/*!50003 SET @saved_cs_results     = @@character_set_results */ ;
/*!50003 SET @saved_col_connection = @@collation_connection */ ;
/*!50003 SET character_set_client  = utf8mb4 */ ;
/*!50003 SET character_set_results = utf8mb4 */ ;
/*!50003 SET collation_connection  = utf8mb4_0900_ai_ci */ ;
/*!50003 SET @saved_sql_mode       = @@sql_mode */ ;
/*!50003 SET sql_mode              = 'STRICT_TRANS_TABLES,NO_ENGINE_SUBSTITUTION' */ ;
DELIMITER ;;
/*!50003 CREATE*/ /*!50017 DEFINER=`root`@`localhost`*/ /*!50003 TRIGGER `total_email_agreed_for_marketing` AFTER INSERT ON `users` FOR EACH ROW BEGIN
	SELECT SUM(email_agreed_for_marketing) INTO @total_number_of_subscribers  FROM users;
END */;;
DELIMITER ;
/*!50003 SET sql_mode              = @saved_sql_mode */ ;
/*!50003 SET character_set_client  = @saved_cs_client */ ;
/*!50003 SET character_set_results = @saved_cs_results */ ;
/*!50003 SET collation_connection  = @saved_col_connection */ ;
/*!50003 SET @saved_cs_client      = @@character_set_client */ ;
/*!50003 SET @saved_cs_results     = @@character_set_results */ ;
/*!50003 SET @saved_col_connection = @@collation_connection */ ;
/*!50003 SET character_set_client  = utf8mb4 */ ;
/*!50003 SET character_set_results = utf8mb4 */ ;
/*!50003 SET collation_connection  = utf8mb4_0900_ai_ci */ ;
/*!50003 SET @saved_sql_mode       = @@sql_mode */ ;
/*!50003 SET sql_mode              = 'STRICT_TRANS_TABLES,NO_ENGINE_SUBSTITUTION' */ ;
DELIMITER ;;
/*!50003 CREATE*/ /*!50017 DEFINER=`root`@`localhost`*/ /*!50003 TRIGGER `validate_users_update` BEFORE UPDATE ON `users` FOR EACH ROW BEGIN
	IF NEW.first_name IS NULL AND 
	NEW.last_name IS NULL AND 
	NEW.phone IS NULL AND 
	NEW.email IS NULL THEN 
		SIGNAL SQLSTATE '45000'
		SET MESSAGE_TEXT = 'Both user first name, last name, phone and email are NULL';
	END IF;
END */;;
DELIMITER ;
/*!50003 SET sql_mode              = @saved_sql_mode */ ;
/*!50003 SET character_set_client  = @saved_cs_client */ ;
/*!50003 SET character_set_results = @saved_cs_results */ ;
/*!50003 SET collation_connection  = @saved_col_connection */ ;

--
-- Final view structure for view `debtors`
--

/*!50001 DROP VIEW IF EXISTS `debtors`*/;
/*!50001 SET @saved_cs_client          = @@character_set_client */;
/*!50001 SET @saved_cs_results         = @@character_set_results */;
/*!50001 SET @saved_col_connection     = @@collation_connection */;
/*!50001 SET character_set_client      = utf8mb4 */;
/*!50001 SET character_set_results     = utf8mb4 */;
/*!50001 SET collation_connection      = utf8mb4_0900_ai_ci */;
/*!50001 CREATE ALGORITHM=UNDEFINED */
/*!50013 DEFINER=`root`@`localhost` SQL SECURITY DEFINER */
/*!50001 VIEW `debtors` AS select `company`.`name` AS `name`,`profiles`.`director` AS `director`,`profiles`.`phone` AS `phone`,`profiles`.`another_phone` AS `another_phone`,`profiles`.`email` AS `email`,`company`.`balance` AS `balance`,`company`.`credit_sum` AS `credit_sum`,`company`.`receivables` AS `receivables`,`company`.`overdue_receivables` AS `overdue_receivables`,`company`.`overdue_duration` AS `overdue_duration` from (`company` join `profiles` on((`company`.`profile_id` = `profiles`.`id`))) where (`company`.`receivables` <> 0) order by `company`.`name` */;
/*!50001 SET character_set_client      = @saved_cs_client */;
/*!50001 SET character_set_results     = @saved_cs_results */;
/*!50001 SET collation_connection      = @saved_col_connection */;

--
-- Final view structure for view `order_list`
--

/*!50001 DROP VIEW IF EXISTS `order_list`*/;
/*!50001 SET @saved_cs_client          = @@character_set_client */;
/*!50001 SET @saved_cs_results         = @@character_set_results */;
/*!50001 SET @saved_col_connection     = @@collation_connection */;
/*!50001 SET character_set_client      = utf8mb4 */;
/*!50001 SET character_set_results     = utf8mb4 */;
/*!50001 SET collation_connection      = utf8mb4_0900_ai_ci */;
/*!50001 CREATE ALGORITHM=UNDEFINED */
/*!50013 DEFINER=`root`@`localhost` SQL SECURITY DEFINER */
/*!50001 VIEW `order_list` AS select `orders`.`id` AS `numbers_order`,`company`.`name` AS `name`,`order_status`.`name` AS `order_status`,`products`.`article` AS `acrticle`,`order_item`.`price` AS `price`,`order_item`.`quantity` AS `quantity`,`delivery_point`.`address` AS `delivery_point`,concat(`managers`.`first_name`,' ',`managers`.`last_name`) AS `name_manager` from ((((((`orders` left join `company` on((`orders`.`company_id` = `company`.`id`))) left join `order_status` on((`orders`.`status_id` = `order_status`.`id`))) left join `order_item` on((`orders`.`id` = `order_item`.`id`))) left join `products` on((`products`.`id` = `order_item`.`product_id`))) left join `delivery_point` on((`orders`.`delivery_point_id` = `delivery_point`.`id`))) left join `managers` on((`orders`.`manager_id` = `managers`.`id`))) where ((`orders`.`created_at` >= '2020-01-01') and (`orders`.`created_at` < '2021-01-01')) order by `orders`.`id` */;
/*!50001 SET character_set_client      = @saved_cs_client */;
/*!50001 SET character_set_results     = @saved_cs_results */;
/*!50001 SET collation_connection      = @saved_col_connection */;

--
-- Final view structure for view `product_information`
--

/*!50001 DROP VIEW IF EXISTS `product_information`*/;
/*!50001 SET @saved_cs_client          = @@character_set_client */;
/*!50001 SET @saved_cs_results         = @@character_set_results */;
/*!50001 SET @saved_col_connection     = @@collation_connection */;
/*!50001 SET character_set_client      = utf8mb4 */;
/*!50001 SET character_set_results     = utf8mb4 */;
/*!50001 SET collation_connection      = utf8mb4_0900_ai_ci */;
/*!50001 CREATE ALGORITHM=UNDEFINED */
/*!50013 DEFINER=`root`@`localhost` SQL SECURITY DEFINER */
/*!50001 VIEW `product_information` AS select distinct `products`.`article` AS `product`,`brands`.`name` AS `brand`,`products`.`name_of_manufacturer` AS `name`,`price`.`price` AS `price`,`currency`.`abbreviation` AS `abbreviation`,`catalogs`.`name` AS `catalogs` from (((((`products` left join `brands` on((`products`.`id` = `brands`.`id`))) left join `price` on((`products`.`id` = `price`.`product_id`))) left join `price_type` on((`price`.`product_id` = `price_type`.`id`))) left join `currency` on((`price_type`.`currency_id` = `currency`.`id`))) left join `catalogs` on((`products`.`catalog_id` = `catalogs`.`id`))) order by `products`.`article` */;
/*!50001 SET character_set_client      = @saved_cs_client */;
/*!50001 SET character_set_results     = @saved_cs_results */;
/*!50001 SET collation_connection      = @saved_col_connection */;

--
-- Final view structure for view `total_store_managers`
--

/*!50001 DROP VIEW IF EXISTS `total_store_managers`*/;
/*!50001 SET @saved_cs_client          = @@character_set_client */;
/*!50001 SET @saved_cs_results         = @@character_set_results */;
/*!50001 SET @saved_col_connection     = @@collation_connection */;
/*!50001 SET character_set_client      = utf8mb4 */;
/*!50001 SET character_set_results     = utf8mb4 */;
/*!50001 SET collation_connection      = utf8mb4_0900_ai_ci */;
/*!50001 CREATE ALGORITHM=UNDEFINED */
/*!50013 DEFINER=`root`@`localhost` SQL SECURITY DEFINER */
/*!50001 VIEW `total_store_managers` AS select concat(`managers`.`first_name`,' ',`managers`.`last_name`) AS `name_manager`,sum(`order_item`.`price`) AS `total` from ((`managers` left join `orders` on((`managers`.`id` = `orders`.`manager_id`))) left join `order_item` on((`orders`.`id` = `order_item`.`order_id`))) group by `order_item`.`price` order by `total` desc */;
/*!50001 SET character_set_client      = @saved_cs_client */;
/*!50001 SET character_set_results     = @saved_cs_results */;
/*!50001 SET collation_connection      = @saved_col_connection */;
/*!40103 SET TIME_ZONE=@OLD_TIME_ZONE */;

/*!40101 SET SQL_MODE=@OLD_SQL_MODE */;
/*!40014 SET FOREIGN_KEY_CHECKS=@OLD_FOREIGN_KEY_CHECKS */;
/*!40014 SET UNIQUE_CHECKS=@OLD_UNIQUE_CHECKS */;
/*!40101 SET CHARACTER_SET_CLIENT=@OLD_CHARACTER_SET_CLIENT */;
/*!40101 SET CHARACTER_SET_RESULTS=@OLD_CHARACTER_SET_RESULTS */;
/*!40101 SET COLLATION_CONNECTION=@OLD_COLLATION_CONNECTION */;
/*!40111 SET SQL_NOTES=@OLD_SQL_NOTES */;

-- Dump completed on 2021-05-26 23:11:20
